,0,1
0,"没事,了",break
1,"嗨,小优",continue
2,"格力空调,好,吗,？",query
3,"空调,漏水,怎么办",query
4,"冰箱,臭烘烘,的",query
5,"空调,室外机,噪声,大,怎么办",query
6,"哪些,食物,不,适合,放在,冰箱,里",query
7,"辣椒油,怎么,洗",query
8,"全,棉衣,物上,的,辣椒油,怎么,洗",query
9,"化纤,与,棉,混纺,衣物,上,的,辣椒油,怎么,洗",query
10,"化纤,衣物,上,的,辣椒油,怎么,洗",query
11,"全棉,面料,衣物,上,的,辣椒油,怎么,洗",query
12,"化纤,与,棉,混纺,面料,衣物,上,的,辣椒油,怎么,洗",query
13,"化纤面料,衣物,上,的,辣椒油,怎么,洗",query
14,"全棉,面料,上,的,辣椒油,怎么,洗",query
15,"化纤,与,棉,混纺,面料,上,的,辣椒油,怎么,洗",query
16,"化纤面料,上,的,辣椒油,怎么,洗",query
17,"全,棉衣,物滴,上,了,辣椒油,怎么,洗",query
18,"化纤,与,棉,混纺,衣物,滴上,了,辣椒油,怎么,洗",query
19,"化纤,衣物,的,辣椒油,滴上,了,怎么,洗",query
20,"全,棉衣,物滴,上,了,辣椒油,怎么办",query
21,"化纤,与,棉,混纺,衣物,滴上,了,辣椒油,怎么办",query
22,"化纤,衣物,的,滴,上,了,辣椒油,怎么办",query
23,"全,棉衣,物滴,上,了,辣椒油,怎么,处理",query
24,"化纤,与,棉,混纺,衣物,滴上,了,辣椒油,怎么,处理",query
25,"化纤,衣物,滴上,了,辣椒油,怎么,处理",query
26,"化纤,衣物,滴上,了,辣椒油,怎么办",query
27,"白色,纺织品,上,的,辣椒油,怎么,洗",query
28,"白色,纺织品,滴上,了,辣椒油,怎么办",query
29,"白色,纺织品,滴上,了,辣椒油,怎么,处理",query
30,"白色,纺织品,滴上,了,辣椒油,怎么,洗",query
31,"白色,衣物,上,的,辣椒油,怎么,洗",query
32,"白色,衣物,滴上,了,辣椒油,怎么办",query
33,"白色,衣物,滴上,了,辣椒油,怎么,处理",query
34,"白色,衣物,滴上,了,辣椒油,怎么,洗",query
35,"白,衣服,上,的,辣椒油,怎么,洗",query
36,"白,衣服,滴上,了,辣椒油,怎么办",query
37,"白,衣服,滴上,了,辣椒油,怎么,处理",query
38,"白,衣服,滴上,了,辣椒油,怎么,洗",query
39,"浅色,纺织品,上,的,辣椒油,怎么,洗",query
40,"浅色,纺织品,滴上,了,辣椒油,怎么办",query
41,"浅色,纺织品,滴上,了,辣椒油,怎么,处理",query
42,"浅色,纺织品,滴上,了,辣椒油,怎么,洗",query
43,"浅色,衣物,上,的,辣椒油,怎么,洗",query
44,"浅色,衣物,滴上,了,辣椒油,怎么办",query
45,"浅色,衣物,滴上,了,辣椒油,怎么,处理",query
46,"浅色,衣物,滴上,了,辣椒油,怎么,洗",query
47,"浅色,衣服,上,的,辣椒油,怎么,洗",query
48,"浅色,衣服,滴上,了,辣椒油,怎么办",query
49,"浅色,衣服,滴上,了,辣椒油,怎么,处理",query
50,"浅色,衣服,滴上,了,辣椒油,怎么,洗",query
51,"浅色,服滴,上,了,辣椒油,怎么,处理",query
52,"需要,干洗,的,衣物,上,的,辣椒油,怎么,洗",query
53,"需要,干洗,的,衣物,滴上,了,辣椒油,怎么办",query
54,"需要,干洗,的,衣物,滴上,了,辣椒油,怎么,处理",query
55,"需要,干洗,的,衣物,滴上,了,辣椒油,怎么,洗",query
56,"毛衣,上,的,辣椒油,怎么,洗",query
57,"毛衣,滴上,了,辣椒油,怎么办",query
58,"毛衣,滴上,了,辣椒油,怎么,处理",query
59,"毛衣,滴上,了,辣椒油,怎么,洗",query
60,"羊绒衫,上,的,辣椒油,怎么,洗",query
61,"羊绒衫,滴上,了,辣椒油,怎么办",query
62,"羊绒衫,滴上,了,辣椒油,怎么,处理",query
63,"羊绒衫,滴上,了,辣椒油,怎么,洗",query
64,"羊毛衫,上,的,辣椒油,怎么,洗",query
65,"羊毛衫,滴上,了,辣椒油,怎么办",query
66,"羊毛衫,滴上,了,辣椒油,怎么,处理",query
67,"羊毛衫,滴上,了,辣椒油,怎么,洗",query
68,"毛料,西服,上,的,辣椒油,怎么,洗",query
69,"毛料,西服,滴上,了,辣椒油,怎么办",query
70,"毛料,西服,滴上,了,辣椒油,怎么,处理",query
71,"毛料,西服,滴上,了,辣椒油,怎么,洗",query
72,"毛料,西裤,上,的,辣椒油,怎么,洗",query
73,"毛料,西裤,滴上,了,辣椒油,怎么办",query
74,"毛料,西裤,滴上,了,辣椒油,怎么,处理",query
75,"毛料,西裤,滴上,了,辣椒油,怎么,洗",query
76,"羊毛,大衣,上,的,辣椒油,怎么,洗",query
77,"羊毛,大衣,滴上,了,辣椒油,怎么办",query
78,"羊毛,大衣,滴上,了,辣椒油,怎么,处理",query
79,"羊毛,大衣,滴上,了,辣椒油,怎么,洗",query
80,"丝绸,衣物,上,的,辣椒油,怎么,洗",query
81,"丝绸,衣物,滴上,了,辣椒油,怎么办",query
82,"丝绸,滴上,了,辣椒油,怎么,处理",query
83,"丝绸,衣物,滴上,了,辣椒油,怎么,洗",query
84,"丝绸,衣物,滴上,了,辣椒油,怎么,处理",query
85,"真丝,衣物,上,的,辣椒油,怎么,洗",query
86,"真丝,衣物,滴上,了,辣椒油,怎么办",query
87,"真丝,滴上,了,辣椒油,怎么,处理",query
88,"真丝,衣物,滴上,了,辣椒油,怎么,洗",query
89,"真丝,衣物,滴上,了,辣椒油,怎么,处理",query
90,"油画,棒,污渍,怎么,洗",query
91,"可,水洗,衣物,的,油画,棒,污渍,怎么,洗",query
92,"衣服,沾,上,了,油画,棒,怎么,清洗",query
93,"衣服,上,的,油画,棒,怎么,清洗",query
94,"衣服,上,的,油画,棒,怎么,处理",query
95,"衣服,沾,上,了,油画,棒,怎么办",query
96,"怎么,处理,油画,棒,污渍",query
97,"怎么,处理,衣服,上,的,油画,棒,污渍",query
98,"毛衣,沾,上,了,油画,棒,怎么,清洗",query
99,"毛衣,上,的,油画,棒,怎么,清洗",query
100,"毛衣,上,的,油画,棒,怎么,处理",query
101,"毛衣,沾,上,了,油画,棒,怎么办",query
102,"怎么,处理,毛衣,上,的,油画,棒,污渍",query
103,"羊绒衫,沾,上,了,油画,棒,怎么,清洗",query
104,"羊绒衫,上,的,油画,棒,怎么,清洗",query
105,"羊绒衫,上,的,油画,棒,怎么,处理",query
106,"羊绒衫,沾,上,了,油画,棒,怎么办",query
107,"怎么,处理,羊绒衫,上,的,油画,棒,污渍",query
108,"羊毛衫,沾,上,了,油画,棒,怎么,清洗",query
109,"羊毛衫,上,的,油画,棒,怎么,清洗",query
110,"羊毛衫,上,的,油画,棒,怎么,处理",query
111,"羊毛衫,沾,上,了,油画,棒,怎么办",query
112,"怎么,处理,羊毛衫,上,的,油画,棒,污渍",query
113,"毛料,西服,沾,上,了,油画,棒,怎么,清洗",query
114,"毛料,西服,上,的,油画,棒,怎么,清洗",query
115,"毛料,西服,上,的,油画,棒,怎么,处理",query
116,"毛料,西服,沾,上,了,油画,棒,怎么办",query
117,"怎么,处理,毛料,西服,上,的,油画,棒,污渍",query
118,"毛料,西裤,沾,上,了,油画,棒,怎么,清洗",query
119,"毛料,西裤,上,的,油画,棒,怎么,清洗",query
120,"毛料,西裤,上,的,油画,棒,怎么,处理",query
121,"毛料,西裤,沾,上,了,油画,棒,怎么办",query
122,"怎么,处理,毛料,西裤,上,的,油画,棒,污渍",query
123,"羊毛,大衣,沾,上,了,油画,棒,怎么,清洗",query
124,"羊毛,大衣,上,的,油画,棒,怎么,清洗",query
125,"羊毛,大衣,上,的,油画,棒,怎么,处理",query
126,"羊毛,大衣,沾,上,了,油画,棒,怎么办",query
127,"怎么,处理,羊毛,大衣,上,的,油画,棒,污渍",query
128,"丝绸,衣物,沾,上,了,油画,棒,怎么,清洗",query
129,"丝绸,衣物,上,的,油画,棒,怎么,清洗",query
130,"丝绸,衣物,上,的,油画,棒,怎么,处理",query
131,"丝绸,衣物,沾,上,了,油画,棒,怎么办",query
132,"怎么,处理,丝绸,衣物,上,的,油画,棒,污渍",query
133,"丝绸,沾,上,了,油画,棒,怎么,清洗",query
134,"丝绸,上,的,油画,棒,怎么,清洗",query
135,"丝绸,上,的,油画,棒,怎么,处理",query
136,"丝绸,沾,上,了,油画,棒,怎么办",query
137,"怎么,处理,丝绸,上,的,油画,棒,污渍",query
138,"真丝,衣物,沾,上,了,油画,棒,怎么,清洗",query
139,"真丝,衣物,上,的,油画,棒,污渍,怎么,清洗",query
140,"真丝,衣物,上,的,油画,棒,污渍,怎么,处理",query
141,"真丝,衣物,沾,上,了,油画,棒,污渍,怎么办",query
142,"怎么,处理,真丝,衣物,上,的,油画,棒,污渍",query
143,"巧克力,渍,怎么,洗",query
144,"巧克力,渍,怎么,洗",query
145,"可,水洗,衣物,的,巧克力,渍,怎么,洗",query
146,"衣服,沾,上,了,巧克力,怎么,清洗",query
147,"衣服,上,的,巧克力,渍,怎么,清洗",query
148,"衣服,上,的,巧克力,渍,怎么,处理",query
149,"衣服,沾,上,了,巧克力,怎么办",query
150,"怎么,处理,油画,巧克力,渍",query
151,"怎么,处理,衣服,上,的,巧克力,渍",query
152,"毛衣,沾,上,了,巧克力,怎么,清洗",query
153,"毛衣,上,的,巧克力,渍,怎么,清洗",query
154,"毛衣,上,的,巧克力,渍,怎么,处理",query
155,"毛衣,沾,上,了,巧克力,怎么办",query
156,"怎么,处理,毛衣,上,的,巧克力,渍",query
157,"羊绒衫,沾,上,了,巧克力,怎么,清洗",query
158,"羊绒衫,上,的,巧克力,渍,怎么,清洗",query
159,"羊绒衫,上,的,巧克力,渍,怎么,处理",query
160,"羊绒衫,沾,上,了,巧克力,渍,怎么办",query
161,"怎么,处理,羊绒衫,上,的,巧克力,渍",query
162,"羊毛衫,沾,上,了,巧克力,怎么,清洗",query
163,"羊毛衫,上,的,巧克力,渍,怎么,清洗",query
164,"羊毛衫,上,的,巧克力,渍,怎么,处理",query
165,"羊毛衫,沾,上,了,巧克力,渍,怎么办",query
166,"怎么,处理,羊毛衫,上,的,巧克力,渍",query
167,"毛料,西服,沾,上,了,巧克力,怎么,清洗",query
168,"毛料,西服,上,的,巧克力,怎么,清洗",query
169,"毛料,西服,上,的,巧克力,渍,怎么,处理",query
170,"毛料,西服,沾,上,了,巧克力,渍,怎么办",query
171,"怎么,处理,毛料,西服,上,的,巧克力,渍",query
172,"毛料,西裤,沾,上,了,巧克力,怎么,清洗",query
173,"毛料,西裤,上,的,巧克力,渍,怎么,清洗",query
174,"毛料,西裤,上,的,巧克力,渍,怎么,处理",query
175,"毛料,西裤,沾,上,了,巧克力,怎么办",query
176,"怎么,处理,毛料,西裤,上,的,巧克力,污渍",query
177,"怎么,处理,毛料,西裤,上,的,巧克力,渍",query
178,"羊毛,大衣,沾,上,了,巧克力,怎么,清洗",query
179,"羊毛,大衣,上,的,巧克力,渍,怎么,清洗",query
180,"羊毛,大衣,上,的,巧克力,渍,怎么,处理",query
181,"羊毛,大衣,沾,上,了,巧克力,怎么办",query
182,"怎么,处理,羊毛,大衣,上,的,巧克力,渍",query
183,"丝绸,衣物,沾,上,了,巧克力,怎么,清洗",query
184,"丝绸,衣物,上,的,巧克力,渍,怎么,清洗",query
185,"丝绸,衣物,上,的,巧克力,渍,怎么,处理",query
186,"丝绸,衣物,沾,上,了,巧克力,渍,怎么办",query
187,"怎么,处理,丝绸,衣物,上,的,巧克力,污渍",query
188,"丝绸,沾,上,了,巧克力,怎么,清洗",query
189,"丝绸,上,的,巧克力,渍,怎么,清洗",query
190,"丝绸,上,的,巧克力,渍,怎么,处理",query
191,"丝绸,沾,上,了,巧克力,渍,怎么办",query
192,"怎么,处理,丝绸,上,的,巧克力,渍",query
193,"真丝,衣物,沾,上,了,巧克力,渍,怎么,清洗",query
194,"真丝,衣物,上,的,巧克力,渍,怎么,清洗",query
195,"真丝,衣物,上,的,巧克力,渍,怎么,处理",query
196,"真丝,衣物,沾,上,了,巧克力,渍,怎么办",query
197,"怎么,处理,真丝,衣物,上,的,巧克力,污渍",query
198,"真丝,衣物,沾,上,了,巧克力,渍,怎么,解决",query
199,"豆瓣酱,怎么,洗",query
200,"衣服,上,的,豆瓣酱,怎么,洗",query
201,"衣服,滴上,了,豆瓣酱,怎么办",query
202,"羊毛,羊绒,类,衣物,滴上,了,豆瓣酱,怎么,处理",query
203,"羊毛,羊绒,类,衣物,上,的,豆瓣酱,怎么,洗",query
204,"羊毛,羊绒,类,衣物,滴上,了,豆瓣酱,怎么,洗",query
205,"羊毛,羊绒,类,衣物,滴上,了,豆瓣酱,怎么办",query
206,"羊毛,类,衣物,滴上,了,豆瓣酱,怎么,处理",query
207,"羊毛,类,衣物,上,的,豆瓣酱,怎么,洗",query
208,"羊毛,类,衣物,滴上,了,豆瓣酱,怎么办",query
209,"羊绒,类,衣物,滴上,了,豆瓣酱,怎么,处理",query
210,"羊绒,类,衣物,上,的,豆瓣酱,怎么,洗",query
211,"羊绒,类,衣物,滴上,了,豆瓣酱,怎么,洗",query
212,"羊绒,类,衣物,滴上,了,豆瓣酱,怎么办",query
213,"毛衣,滴上,了,豆瓣酱,怎么,处理",query
214,"毛衣,上,的,豆瓣酱,怎么,洗",query
215,"毛衣,滴上,了,豆瓣酱,怎么办",query
216,"毛衣,滴上,了,豆瓣酱,怎么,处理",query
217,"羊毛衫,上,的,豆瓣酱,怎么,洗",query
218,"羊毛衫,滴上,了,豆瓣酱,怎么,洗",query
219,"羊毛衫,滴上,了,豆瓣酱,怎么办",query
220,"羊毛衫,滴上,了,豆瓣酱,怎么,处理",query
221,"羊绒衫,上,的,豆瓣酱,怎么,洗",query
222,"羊绒衫,滴上,了,豆瓣酱,怎么,洗",query
223,"羊绒衫,滴上,了,豆瓣酱,怎么办",query
224,"羊绒衫,滴上,了,豆瓣酱,怎么,处理",query
225,"草渍,怎么,洗",query
226,"草渍,怎么,清洗",query
227,"草渍,怎么,处理",query
228,"衣服,上,的,草渍,怎么,洗",query
229,"衣服,沾,上,了,草渍,怎么办",query
230,"衣服,滴上,了,草渍,怎么办",query
231,"衣服,滴上,了,草渍,怎么,处理",query
232,"衣物,上,的,草渍,怎么,洗",query
233,"衣物,沾,上,了,草渍,怎么办",query
234,"衣物,滴上,了,草渍,怎么办",query
235,"衣物,滴上,了,草渍,怎么,处理",query
236,"辣椒酱,怎么,洗",query
237,"辣椒酱,怎么,洗",query
238,"衣服,上,的,辣椒酱,怎么,洗",query
239,"衣服,滴上,了,辣椒酱,怎么办",query
240,"羊毛,羊绒,类,衣物,滴上,了,辣椒酱,怎么,处理",query
241,"羊毛,羊绒,类,衣物,上,的,辣椒酱,怎么,洗",query
242,"羊毛,羊绒,类,衣物,滴上,了,辣椒酱,怎么,洗",query
243,"羊毛,羊绒,类,衣物,滴上,了,辣椒酱,怎么办",query
244,"羊毛,类,衣物,滴上,了,辣椒酱,怎么,处理",query
245,"羊毛,类,衣物,上,的,辣椒酱,怎么,洗",query
246,"羊毛,类,衣物,滴上,了,辣椒酱,怎么办",query
247,"羊绒,类,衣物,滴上,了,辣椒酱,怎么,处理",query
248,"羊绒,类,衣物,上,的,辣椒酱,怎么,洗",query
249,"羊绒,类,衣物,滴上,了,辣椒酱,怎么,洗",query
250,"羊绒,类,衣物,滴上,了,辣椒酱,怎么办",query
251,"毛衣,滴上,了,辣椒酱,怎么,处理",query
252,"毛衣,上,的,辣椒酱,怎么,洗",query
253,"毛衣,滴上,了,辣椒酱,怎么办",query
254,"毛衣,滴上,了,辣椒酱,怎么,处理",query
255,"羊毛衫,上,的,辣椒酱,怎么,洗",query
256,"羊毛衫,滴上,了,辣椒酱,怎么,洗",query
257,"羊毛衫,滴上,了,辣椒酱,怎么办",query
258,"羊毛衫,滴上,了,辣椒酱,怎么,处理",query
259,"羊绒衫,上,的,辣椒酱,怎么,洗",query
260,"羊绒衫,滴上,了,辣椒酱,怎么,洗",query
261,"羊绒衫,滴上,了,辣椒酱,怎么办",query
262,"羊绒衫,滴上,了,辣椒酱,怎么,处理",query
263,"酒渍,怎么,洗",query
264,"酒渍,怎么,清洗",query
265,"酒渍,怎么,处理",query
266,"衣服,上,的,酒渍,怎么,洗",query
267,"衣服,沾,上,了,酒渍,怎么办",query
268,"衣服,滴上,了,酒渍,怎么办",query
269,"衣服,滴上,了,酒渍,怎么,处理",query
270,"衣物,上,的,酒渍,怎么,洗",query
271,"衣物,沾,上,了,酒渍,怎么办",query
272,"衣物,滴上,了,酒渍,怎么办",query
273,"衣物,滴上,了,酒渍,怎么,处理",query
274,"白酒,渍,怎么,洗",query
275,"白酒,渍,怎么,清洗",query
276,"白酒,渍,怎么,处理",query
277,"衣服,上,的,白酒,渍,怎么,洗",query
278,"衣服,沾,上,了,白酒,渍,怎么办",query
279,"衣服,滴上,了,白酒,渍,怎么办",query
280,"衣服,滴上,了,白酒,渍,怎么,处理",query
281,"衣物,上,的,白酒,渍,怎么,洗",query
282,"衣物,沾,上,了,白酒,酒渍,怎么办",query
283,"衣物,滴上,了,白酒,渍,怎么办",query
284,"衣物,滴上,了,白酒,渍,怎么,处理",query
285,"白酒,渍,怎么,洗",query
286,"白酒,渍,怎么,清洗",query
287,"白酒,渍,怎么,处理",query
288,"衣服,上,的,白酒,渍,怎么,洗",query
289,"衣服,沾,上,了,白酒,渍,怎么办",query
290,"衣服,滴上,了,白酒,渍,怎么办",query
291,"衣服,滴上,了,白酒,渍,怎么,处理",query
292,"衣物,上,的,白酒,渍,怎么,洗",query
293,"衣物,沾,上,了,白酒,渍,怎么办",query
294,"衣物,滴上,了,白酒,渍,怎么办",query
295,"衣物,滴上,了,白酒,渍,怎么,处理",query
296,"白酒,怎么,洗",query
297,"白酒,怎么,清洗",query
298,"白酒,怎么,处理",query
299,"衣服,上,的,白酒,怎么,洗",query
300,"衣服,沾,上,了,白酒,怎么办",query
301,"衣服,滴上,了,白酒,怎么办",query
302,"衣服,滴上,了,白酒,怎么,处理",query
303,"衣服,上,沾,了,白酒,怎么办",query
304,"衣服,上,沾,了,白酒,怎么办",query
305,"衣服,上,沾,了,白酒,怎么,处理",query
306,"衣物,上,的,白酒,怎么,洗",query
307,"衣物,沾,上,了,白酒,怎么办",query
308,"衣物,滴上,了,白酒,怎么办",query
309,"衣物,滴上,了,白酒,怎么,处理",query
310,"干洗,类,衣物,上,的,白酒,怎么,洗",query
311,"干洗,类,衣物,沾,上,了,白酒,怎么办",query
312,"干洗,类,衣物,滴上,了,白酒,怎么办",query
313,"干洗,类,衣物,滴上,了,白酒,怎么,处理",query
314,"羊绒衫,沾,上,了,白酒,怎么,清洗",query
315,"羊绒衫,上,的,白酒,渍,怎么,清洗",query
316,"羊绒衫,上,的,白酒,渍,怎么,处理",query
317,"羊绒衫,沾,上,了,白酒,渍,怎么办",query
318,"怎么,处理,羊绒衫,上,的,白酒,渍",query
319,"怎么,处理,羊绒衫,上,的,白酒,渍",query
320,"羊毛衫,沾,上,了,白酒,渍,怎么,清洗",query
321,"羊毛衫,上,的,白酒,渍,怎么,清洗",query
322,"羊毛衫,上,的,白酒,渍,怎么,处理",query
323,"羊毛衫,沾,上,了,白酒,渍,怎么办",query
324,"怎么,处理,羊毛衫,上,的,白酒,渍",query
325,"怎么,处理,羊毛衫,上,的,白酒,渍",query
326,"毛料,西服,沾,上,了,白酒,渍,怎么,清洗",query
327,"毛料,西服,上,的,白酒,渍,怎么,清洗",query
328,"毛料,西服,上,的,白酒,渍,怎么,处理",query
329,"毛料,西服,沾,上,了,白酒,渍,怎么办",query
330,"怎么,处理,毛料,西服,上,的,白酒,渍",query
331,"怎么,处理,毛料,西服,上,的,白酒,渍",query
332,"毛料,西裤,沾,上,了,白酒,渍,怎么,清洗",query
333,"毛料,西裤,上,的,白酒,渍,怎么,清洗",query
334,"毛料,西裤,上,的,白酒,渍,怎么,处理",query
335,"毛料,西裤,沾,上,了,白酒,渍,怎么办",query
336,"怎么,处理,毛料,西裤,上,的,白酒,污渍",query
337,"怎么,处理,毛料,西裤,上,的,白酒,渍",query
338,"羊毛,大衣,沾,上,了,白酒,渍,怎么,清洗",query
339,"羊毛,大衣,上,的,白酒,渍,怎么,清洗",query
340,"羊毛,大衣,上,的,白酒,渍,怎么,处理",query
341,"羊毛,大衣,沾,上,了,白酒,怎么办",query
342,"怎么,处理,羊毛,大衣,上,的,白酒,渍",query
343,"怎么,处理,羊毛,大衣,上,的,白酒,渍",query
344,"丝绸,衣物,沾,上,了,白酒,怎么,清洗",query
345,"丝绸,衣物,上,的,白酒,渍,怎么,清洗",query
346,"丝绸,衣物,上,的,白酒,渍,怎么,处理",query
347,"丝绸,衣物,沾,上,了,白酒,渍,怎么办",query
348,"怎么,处理,丝绸,衣物,上,的,白酒,渍",query
349,"怎么,处理,丝绸,衣物,上,的,白酒,渍",query
350,"丝绸,沾,上,了,白酒,渍,怎么,清洗",query
351,"丝绸,上,的,白酒,渍,怎么,清洗",query
352,"丝绸,上,的,白酒,渍,怎么,处理",query
353,"丝绸,沾,上,了,白酒,渍,怎么办",query
354,"怎么,处理,丝绸,上,的,白酒,渍",query
355,"怎么,处理,丝绸,上,的,白酒,渍",query
356,"真丝,衣物,沾,上,了,白酒,渍,怎么,清洗",query
357,"真丝,衣物,上,的,白酒,渍,怎么,清洗",query
358,"真丝,衣物,上,的,白酒,渍,怎么,处理",query
359,"真丝,衣物,沾,上,了,白酒,渍,怎么办",query
360,"怎么,处理,真丝,衣物,上,的,白酒,渍",query
361,"怎么,处理,真丝,衣物,上,的,白酒,渍",query
362,"红酒,渍,怎么,洗",query
363,"红酒,渍,怎么,清洗",query
364,"红酒,渍,怎么,处理",query
365,"衣服,上,的,红酒,渍,怎么,洗",query
366,"衣服,沾,上,了,红酒,渍,怎么办",query
367,"衣服,滴上,了,红酒,渍,怎么办",query
368,"衣服,滴上,了,红酒,渍,怎么,处理",query
369,"衣物,上,的,红酒,渍,怎么,洗",query
370,"衣物,沾,上,了,红酒,酒渍,怎么办",query
371,"衣物,滴上,了,红酒,渍,怎么办",query
372,"衣物,滴上,了,红酒,渍,怎么,处理",query
373,"衣物,上,的,红酒,渍,怎么,洗",query
374,"衣物,沾,上,了,红酒,渍,怎么办",query
375,"衣物,滴上,了,红酒,渍,怎么办",query
376,"衣物,滴上,了,红酒,渍,怎么,处理",query
377,"红酒,怎么,洗",query
378,"红酒,怎么,清洗",query
379,"红酒,怎么,处理",query
380,"衣服,上,的,红酒,怎么,洗",query
381,"衣服,沾,上,了,红酒,怎么办",query
382,"衣服,滴上,了,红酒,怎么办",query
383,"衣服,滴上,了,红酒,怎么,处理",query
384,"衣服,上,沾,了,红酒,怎么办",query
385,"衣服,上,沾,了,红酒,怎么办",query
386,"衣服,上,沾,了,红酒,怎么,处理",query
387,"衣物,上,的,红酒,怎么,洗",query
388,"衣物,沾,上,了,红酒,怎么办",query
389,"衣物,滴上,了,红酒,怎么办",query
390,"衣物,滴上,了,红酒,怎么,处理",query
391,"干洗,类,衣物,上,的,红酒,怎么,洗",query
392,"干洗,类,衣物,沾,上,了,红酒,怎么办",query
393,"干洗,类,衣物,滴上,了,红酒,怎么办",query
394,"干洗,类,衣物,滴上,了,红酒,怎么,处理",query
395,"羊绒衫,沾,上,了,红酒,怎么,清洗",query
396,"羊绒衫,上,的,红酒,渍,怎么,清洗",query
397,"羊绒衫,上,的,红酒,渍,怎么,处理",query
398,"羊绒衫,沾,上,了,红酒,渍,怎么办",query
399,"怎么,处理,羊绒衫,上,的,红酒,渍",query
400,"怎么,处理,羊绒衫,上,的,红酒,渍",query
401,"羊毛衫,沾,上,了,红酒,渍,怎么,清洗",query
402,"羊毛衫,上,的,红酒,渍,怎么,清洗",query
403,"羊毛衫,上,的,红酒,渍,怎么,处理",query
404,"羊毛衫,沾,上,了,红酒,渍,怎么办",query
405,"怎么,处理,羊毛衫,上,的,红酒,渍",query
406,"怎么,处理,羊毛衫,上,的,红酒,渍",query
407,"毛料,西服,沾,上,了,红酒,渍,怎么,清洗",query
408,"毛料,西服,上,的,红酒,渍,怎么,清洗",query
409,"毛料,西服,上,的,红酒,渍,怎么,处理",query
410,"毛料,西服,沾,上,了,红酒,渍,怎么办",query
411,"怎么,处理,毛料,西服,上,的,红酒,渍",query
412,"怎么,处理,毛料,西服,上,的,红酒,渍",query
413,"毛料,西裤,沾,上,了,红酒,渍,怎么,清洗",query
414,"毛料,西裤,上,的,红酒,渍,怎么,清洗",query
415,"毛料,西裤,上,的,红酒,渍,怎么,处理",query
416,"毛料,西裤,沾,上,了,红酒,渍,怎么办",query
417,"怎么,处理,毛料,西裤,上,的,红酒,污渍",query
418,"怎么,处理,毛料,西裤,上,的,红酒,渍",query
419,"羊毛,大衣,沾,上,了,红酒,渍,怎么,清洗",query
420,"羊毛,大衣,上,的,红酒,渍,怎么,清洗",query
421,"羊毛,大衣,上,的,红酒,渍,怎么,处理",query
422,"羊毛,大衣,沾,上,了,红酒,怎么办",query
423,"怎么,处理,羊毛,大衣,上,的,红酒,渍",query
424,"怎么,处理,羊毛,大衣,上,的,红酒,渍",query
425,"丝绸,衣物,沾,上,了,红酒,怎么,清洗",query
426,"丝绸,衣物,上,的,红酒,渍,怎么,清洗",query
427,"丝绸,衣物,上,的,红酒,渍,怎么,处理",query
428,"丝绸,衣物,沾,上,了,红酒,渍,怎么办",query
429,"怎么,处理,丝绸,衣物,上,的,红酒,渍",query
430,"怎么,处理,丝绸,衣物,上,的,红酒,渍",query
431,"丝绸,沾,上,了,红酒,渍,怎么,清洗",query
432,"丝绸,上,的,红酒,渍,怎么,清洗",query
433,"丝绸,上,的,红酒,渍,怎么,处理",query
434,"丝绸,沾,上,了,红酒,渍,怎么办",query
435,"怎么,处理,丝绸,上,的,红酒,渍",query
436,"怎么,处理,丝绸,上,的,红酒,渍",query
437,"真丝,衣物,沾,上,了,红酒,渍,怎么,清洗",query
438,"真丝,衣物,上,的,红酒,渍,怎么,清洗",query
439,"真丝,衣物,上,的,红酒,渍,怎么,处理",query
440,"真丝,衣物,沾,上,了,红酒,渍,怎么办",query
441,"怎么,处理,真丝,衣物,上,的,红酒,渍",query
442,"怎么,处理,真丝,衣物,上,的,红酒,渍",query
443,"啤酒,渍,怎么,洗",query
444,"啤酒,渍,怎么,清洗",query
445,"啤酒,渍,怎么,处理",query
446,"衣服,上,的,啤酒,渍,怎么,洗",query
447,"衣服,沾,上,了,啤酒,渍,怎么办",query
448,"衣服,滴上,了,啤酒,渍,怎么办",query
449,"衣服,滴上,了,啤酒,渍,怎么,处理",query
450,"衣物,上,的,啤酒,渍,怎么,洗",query
451,"衣物,沾,上,了,啤酒,酒渍,怎么办",query
452,"衣物,滴上,了,啤酒,渍,怎么办",query
453,"衣物,滴上,了,啤酒,渍,怎么,处理",query
454,"啤酒,怎么,洗",query
455,"啤酒,怎么,清洗",query
456,"啤酒,怎么,处理",query
457,"衣服,上,的,啤酒,怎么,洗",query
458,"衣服,沾,上,了,啤酒,怎么办",query
459,"衣服,滴上,了,啤酒,怎么办",query
460,"衣服,滴上,了,啤酒,怎么,处理",query
461,"衣服,上,沾,了,啤酒,怎么办",query
462,"衣服,上,沾,了,啤酒,怎么办",query
463,"衣服,上,沾,了,啤酒,怎么,处理",query
464,"衣物,上,的,啤酒,怎么,洗",query
465,"衣物,沾,上,了,啤酒,怎么办",query
466,"衣物,滴上,了,啤酒,怎么办",query
467,"衣物,滴上,了,啤酒,怎么,处理",query
468,"干洗,类,衣物,上,的,啤酒,怎么,洗",query
469,"干洗,类,衣物,沾,上,了,啤酒,怎么办",query
470,"干洗,类,衣物,滴上,了,啤酒,怎么办",query
471,"干洗,类,衣物,滴上,了,啤酒,怎么,处理",query
472,"羊绒衫,沾,上,了,啤酒,怎么,清洗",query
473,"羊绒衫,上,的,啤酒,渍,怎么,清洗",query
474,"羊绒衫,上,的,啤酒,渍,怎么,处理",query
475,"羊绒衫,沾,上,了,啤酒,渍,怎么办",query
476,"怎么,处理,羊绒衫,上,的,啤酒,渍",query
477,"怎么,处理,羊绒衫,上,的,啤酒,渍",query
478,"羊毛衫,沾,上,了,啤酒,渍,怎么,清洗",query
479,"羊毛衫,上,的,啤酒,渍,怎么,清洗",query
480,"羊毛衫,上,的,啤酒,渍,怎么,处理",query
481,"羊毛衫,沾,上,了,啤酒,渍,怎么办",query
482,"怎么,处理,羊毛衫,上,的,啤酒,渍",query
483,"怎么,处理,羊毛衫,上,的,啤酒,渍",query
484,"毛料,西服,沾,上,了,啤酒,渍,怎么,清洗",query
485,"毛料,西服,上,的,啤酒,渍,怎么,清洗",query
486,"毛料,西服,上,的,啤酒,渍,怎么,处理",query
487,"毛料,西服,沾,上,了,啤酒,渍,怎么办",query
488,"怎么,处理,毛料,西服,上,的,啤酒,渍",query
489,"怎么,处理,毛料,西服,上,的,啤酒,渍",query
490,"毛料,西裤,沾,上,了,啤酒,渍,怎么,清洗",query
491,"毛料,西裤,上,的,啤酒,渍,怎么,清洗",query
492,"毛料,西裤,上,的,啤酒,渍,怎么,处理",query
493,"毛料,西裤,沾,上,了,啤酒,渍,怎么办",query
494,"怎么,处理,毛料,西裤,上,的,啤酒,污渍",query
495,"怎么,处理,毛料,西裤,上,的,啤酒,渍",query
496,"羊毛,大衣,沾,上,了,啤酒,渍,怎么,清洗",query
497,"羊毛,大衣,上,的,啤酒,渍,怎么,清洗",query
498,"羊毛,大衣,上,的,啤酒,渍,怎么,处理",query
499,"羊毛,大衣,沾,上,了,啤酒,怎么办",query
500,"怎么,处理,羊毛,大衣,上,的,啤酒,渍",query
501,"怎么,处理,羊毛,大衣,上,的,啤酒,渍",query
502,"丝绸,衣物,沾,上,了,啤酒,怎么,清洗",query
503,"丝绸,衣物,上,的,啤酒,渍,怎么,清洗",query
504,"丝绸,衣物,上,的,啤酒,渍,怎么,处理",query
505,"丝绸,衣物,沾,上,了,啤酒,渍,怎么办",query
506,"怎么,处理,丝绸,衣物,上,的,啤酒,渍",query
507,"怎么,处理,丝绸,衣物,上,的,啤酒,渍",query
508,"丝绸,沾,上,了,啤酒,渍,怎么,清洗",query
509,"丝绸,上,的,啤酒,渍,怎么,清洗",query
510,"丝绸,上,的,啤酒,渍,怎么,处理",query
511,"丝绸,沾,上,了,啤酒,渍,怎么办",query
512,"怎么,处理,丝绸,上,的,啤酒,渍",query
513,"怎么,处理,丝绸,上,的,啤酒,渍",query
514,"真丝,衣物,沾,上,了,啤酒,渍,怎么,清洗",query
515,"真丝,衣物,上,的,啤酒,渍,怎么,清洗",query
516,"真丝,衣物,上,的,啤酒,渍,怎么,处理",query
517,"真丝,衣物,沾,上,了,啤酒,渍,怎么办",query
518,"怎么,处理,真丝,衣物,上,的,啤酒,渍",query
519,"怎么,处理,真丝,衣物,上,的,啤酒,渍",query
520,"唇彩,怎么,洗",query
521,"唇彩,渍,怎么,洗",query
522,"唇彩,渍,怎么,清洗",query
523,"唇彩,渍,怎么,处理",query
524,"衣服,上,的,唇彩,渍,怎么,洗",query
525,"衣服,沾,上,了,唇彩,渍,怎么办",query
526,"衣服,滴上,了,唇彩,渍,怎么办",query
527,"衣服,滴上,了,唇彩,渍,怎么,处理",query
528,"衣物,上,的,唇彩,渍,怎么,洗",query
529,"衣物,沾,上,了,唇彩,酒渍,怎么办",query
530,"衣物,滴上,了,唇彩,渍,怎么办",query
531,"衣物,滴上,了,唇彩,渍,怎么,处理",query
532,"唇彩,怎么,洗",query
533,"唇彩,怎么,清洗",query
534,"唇彩,怎么,处理",query
535,"衣服,上,的,唇彩,怎么,洗",query
536,"衣服,沾,上,了,唇彩,怎么办",query
537,"衣服,滴上,了,唇彩,怎么办",query
538,"衣服,滴上,了,唇彩,怎么,处理",query
539,"衣服,上,沾,了,唇彩,怎么办",query
540,"衣服,上,沾,了,唇彩,怎么办",query
541,"衣服,上,沾,了,唇彩,怎么,处理",query
542,"衣物,上,的,唇彩,怎么,洗",query
543,"衣物,沾,上,了,唇彩,怎么办",query
544,"衣物,滴上,了,唇彩,怎么办",query
545,"衣物,滴上,了,唇彩,怎么,处理",query
546,"干洗,类,衣物,上,的,唇彩,怎么,洗",query
547,"干洗,类,衣物,沾,上,了,唇彩,怎么办",query
548,"干洗,类,衣物,滴上,了,唇彩,怎么办",query
549,"干洗,类,衣物,滴上,了,唇彩,怎么,处理",query
550,"羊绒衫,沾,上,了,唇彩,怎么,清洗",query
551,"羊绒衫,上,的,唇彩,渍,怎么,清洗",query
552,"羊绒衫,上,的,唇彩,渍,怎么,处理",query
553,"羊绒衫,沾,上,了,唇彩,渍,怎么办",query
554,"怎么,处理,羊绒衫,上,的,唇彩,渍",query
555,"怎么,处理,羊绒衫,上,的,唇彩,渍",query
556,"羊毛衫,沾,上,了,唇彩,渍,怎么,清洗",query
557,"羊毛衫,上,的,唇彩,渍,怎么,清洗",query
558,"羊毛衫,上,的,唇彩,渍,怎么,处理",query
559,"羊毛衫,沾,上,了,唇彩,渍,怎么办",query
560,"怎么,处理,羊毛衫,上,的,唇彩,渍",query
561,"怎么,处理,羊毛衫,上,的,唇彩,渍",query
562,"毛料,西服,沾,上,了,唇彩,渍,怎么,清洗",query
563,"毛料,西服,上,的,唇彩,渍,怎么,清洗",query
564,"毛料,西服,上,的,唇彩,渍,怎么,处理",query
565,"毛料,西服,沾,上,了,唇彩,渍,怎么办",query
566,"怎么,处理,毛料,西服,上,的,唇彩,渍",query
567,"怎么,处理,毛料,西服,上,的,唇彩,渍",query
568,"毛料,西裤,沾,上,了,唇彩,渍,怎么,清洗",query
569,"毛料,西裤,上,的,唇彩,渍,怎么,清洗",query
570,"毛料,西裤,上,的,唇彩,渍,怎么,处理",query
571,"毛料,西裤,沾,上,了,唇彩,渍,怎么办",query
572,"怎么,处理,毛料,西裤,上,的,唇彩,污渍",query
573,"怎么,处理,毛料,西裤,上,的,唇彩,渍",query
574,"羊毛,大衣,沾,上,了,唇彩,渍,怎么,清洗",query
575,"羊毛,大衣,上,的,唇彩,渍,怎么,清洗",query
576,"羊毛,大衣,上,的,唇彩,渍,怎么,处理",query
577,"羊毛,大衣,沾,上,了,唇彩,怎么办",query
578,"怎么,处理,羊毛,大衣,上,的,唇彩,渍",query
579,"怎么,处理,羊毛,大衣,上,的,唇彩,渍",query
580,"丝绸,衣物,沾,上,了,唇彩,怎么,清洗",query
581,"丝绸,衣物,上,的,唇彩,渍,怎么,清洗",query
582,"丝绸,衣物,上,的,唇彩,渍,怎么,处理",query
583,"丝绸,衣物,沾,上,了,唇彩,渍,怎么办",query
584,"怎么,处理,丝绸,衣物,上,的,唇彩,渍",query
585,"怎么,处理,丝绸,衣物,上,的,唇彩,渍",query
586,"丝绸,沾,上,了,唇彩,渍,怎么,清洗",query
587,"丝绸,上,的,唇彩,渍,怎么,清洗",query
588,"丝绸,上,的,唇彩,渍,怎么,处理",query
589,"丝绸,沾,上,了,唇彩,渍,怎么办",query
590,"怎么,处理,丝绸,上,的,唇彩,渍",query
591,"怎么,处理,丝绸,上,的,唇彩,渍",query
592,"真丝,衣物,沾,上,了,唇彩,渍,怎么,清洗",query
593,"真丝,衣物,上,的,唇彩,渍,怎么,清洗",query
594,"真丝,衣物,上,的,唇彩,渍,怎么,处理",query
595,"真丝,衣物,沾,上,了,唇彩,渍,怎么办",query
596,"怎么,处理,真丝,衣物,上,的,唇彩,渍",query
597,"怎么,处理,真丝,衣物,上,的,唇彩,渍",query
598,"怎么,做",other
599,"红烧,丸子,怎么,做",query
600,"空调,漏水,怎么办",query
601,"我,想,听,科技,新闻",query
602,"我,回来,了",setScene
603,"我要,出门,了",setScene
604,"我要,睡觉,了",setScene
605,"我醒,了",setScene
606,"我,回来,了,-,-",null
607,"我要,出门,了,++",setScene
608,"（,我要,睡觉,了,）",setScene
609,"我醒,了",setScene
610,"启动,离家,模式",setScene
611,"我,出门,了",setScene
612,"启动,睡眠,模式",setScene
613,"我,睡觉,了",setScene
614,"启动,回家,模式",setScene
615,播放,play
616,暂停,pause
617,停止,stop
618,静音,mute
619,"取消,静音",unmute
620,"声音,大,一点",voiceUp
621,"声音,小,一点",voiceDown
622,"下,一首",next
623,"上,一首",previous
624,"音量,多少",queryVolume
625,"设置,音量,为,30%",setVolume
626,"设置,音量,为,30,格",setVolume
627,"设置,音量,为,30",setVolume
628,"设置,音量,为,120",setVolume
629,"增大,音量,30%",voiceUp
630,"增大,音量,30,格",voiceUp
631,"增大,音量,30",voiceUp
632,"增大,音量,120",voiceUp
633,"减小,音量,30%",voiceDown
634,"减小,音量,30,格",voiceDown
635,"减小,音量,30",voiceDown
636,"减小,音量,120",voiceDown
637,"调整,音量,到,三十",setVolume
638,"调整,音量,到,三,0",setVolume
639,"音量,调低,为,三十",voiceDown
640,"最大,音量",setVolume
641,"声音,调大,最大",null
642,"你,是,谁",other
643,"你,会,什么",other
644,"我,儿子,叫,什么",null
645,"小优,喜欢,听歌,吗",null
646,"打开,空调",openDevice
647,客厅,other
648,"关闭,空调",closeDevice
649,卧室,other
650,"关闭,空调",closeDevice
651,卧室,other
652,"空调,温度,设为,16,度",setTemperature
653,"空调,温度,调,高,一点",increaseTemperature
654,"打开,空调",openDevice
655,客厅,other
656,"空调,温度,设为,16,度",setTemperature
657,"空调,温度,调,高,一点",increaseTemperature
658,"空调,温度,调高,5,度",increaseTemperature
659,"空调,温度,调低,一点",decreaseTemperature
660,"空调,温度,调低,5,度",decreaseTemperature
661,"空调,湿度,设为,100",setHumidity
662,"空调,湿度,设为,0",setHumidity
663,"空调,湿度,设,为,零下,5",setHumidity
664,"空调,湿度,设为,110",setHumidity
665,"空调,湿度,设为,50",setHumidity
666,"空调,当前,温度,是,多少",statusEnquiry
667,"空调,开,了,吗",statusEnquiry
668,"空调,当前,湿度,是,多少",statusEnquiry
669,"空调,湿度,调,高,一点",increaseHumidity
670,"空调,湿度,调高,10",increaseHumidity
671,"空调,湿度,调低,一点",decreaseHumidity
672,"空调,湿度,调低,10",decreaseHumidity
673,"空调,设置,为,新风,模式",setMode
674,"空调,设置,为,健康,模式",setMode
675,"空调,设置,为,除湿,模式",setMode
676,"空调,设置,为,加湿,模式",setMode
677,"空调,设置,为,制冷,模式",setMode
678,"空调,设置,为,制热,模式",setMode
679,"空调,设置,为,智能,模式",setMode
680,"空调,设置,为,送风,模式",setMode
681,"空调,现在,是,什么,模式",statusEnquiry
682,"空调,风速,设置,为,自动,风",setSpeed
683,"空调,风速,设置,为,高风",setSpeed
684,"空调,风速,设置,为,中风",setSpeed
685,"空调,风速,设置,为,低风",setSpeed
686,"空调,风速,设置,为,强风",setSpeed
687,"空调,风速,是,多少",statusEnquiry
688,"空调,风速,调,高",increaseSpeed
689,"空调,风速,调低",decreaseSpeed
690,"空调,上,吹",setDirection
691,"空调,下,吹",setDirection
692,"空调,左吹",setDirection
693,"空调,右,吹",setDirection
694,"空调,正吹",setDirection
695,"空调,摆风,是,什么",statusEnquiry
696,"空调,打开,匀风",openHomogeneous
697,"空调,关闭,匀风",closeHomogeneous
698,"空,调匀,风开,了,吗",statusEnquiry
699,"空调,打开,静眠",openSleep
700,"空调,关闭,静眠",closeSleep
701,"空调,静眠,开,了,吗",statusEnquiry
702,"空调,打开,静音",openMute
703,"空调,关闭,静音",closeMute
704,"空调,静音,开,了,吗",statusEnquiry
705,"空调,打开,锁定",openLock
706,"空调,关闭,锁定",closeLock
707,"空调,锁定,开,了,吗",statusEnquiry
708,"打开,客厅,空调",openDevice
709,"调节,空调,温度,为,26,度",setTemperature
710,"空调,当前,是,什么,模式",statusEnquiry
711,"卧室,空调,是,什么,模式",show
712,"打开,卧室,空调",openDevice
713,"温度,调,高,一度",increaseTemperature
714,"空调,设置,智能,模式",setMode
715,"空调,制冷,模式",setMode
716,"客厅,空调,设置,除湿,模式",setMode
717,"空调,温度,调低,2,度",decreaseTemperature
718,"空调,温度,设置,为,26,度",setTemperature
719,"空调,设置,为,低速,风",setSpeed
720,"卧室,空调,设置,为,中速,风",setSpeed
721,"空调,设置,高速,风",setSpeed
722,"空调,设置,自动,风",setSpeed
723,"空调,现在,开着,吗",statusEnquiry
724,"打开,客厅,灯光",openDevice
725,"关闭,客厅,灯光",closeDevice
726,关灯,closeDevice
727,开灯,openDevice
728,"打开,客厅,窗帘",openDevice
729,"关闭,客厅,窗帘",closeDevice
730,"关,窗帘",closeDevice
731,"关上,窗帘",closeDevice
732,"开,窗帘",openDevice
733,"拉上,窗帘",closeDevice
734,"拉开,窗帘",openDevice
735,"打开,空气,净化器",openDevice
736,"关闭,空气,净化器",closeDevice
737,"空气,净化器,设置,智能,模式",setMode
738,"空气,净化器,设置,为,净化,模式",setMode
739,"空气,净化器,设置,加湿,模式",setMode
740,"空气,净化器,设置,净化,加湿,模式",setMode
741,"空气,净化器,设置,除湿,模式",setMode
742,"空气,净化器,设置,净化,除湿,模式",setMode
743,"空气,净化器,设置,送风,模式",setMode
744,"空气,净化器,设置,自动,风",setSpeed
745,"空气,净化器,设置,为,强风",setSpeed
746,"空气,净化器,设置,为,高速,风",setSpeed
747,"空气,净化器,设置,为,中速,风",setSpeed
748,"空气,净化器,设置,为,低速,风",setSpeed
749,"空气,净化器,设置,为,静音",setMode
750,"打开,扫地,机器人",startup
751,"关闭,扫地,机器人",suspend
752,"扫地,机器人,设置,为,空闲,模式",set
753,"扫地,机器人,设置,为,规划,清扫,模式",setMode
754,"扫地,机器人,设置,为,沿边,清扫,模式",setMode
755,"扫地,机器人,设置,为,定点,清扫,模式",setMode
756,"扫地,机器人,设置,为,拖地,模式",setMode
757,"扫地,机器人,设置,为,回充,模式",setMode
758,"扫地,机器人,设置,为,正常,风速",setSuction
759,"扫地,机器人,设置,为,强力,风速",setSuction
760,"扫地,机器人,设置,为,关闭,风速",setSuction
761,"打开,烤箱",openDevice
762,"关闭,烤箱",closeDevice
763,"打开,烤箱,机,照明灯",openLight
764,"关闭,烤箱,机,照明灯",closeLight
765,"烤箱,烤,牛排",setRoastingFood
766,"烤箱,烤,原味,松饼",setRoastingFood
767,"打开,油烟机",openDevice
768,"关闭,油烟机",closeDevice
769,"打开,油烟机,照明灯",openLight
770,"关闭,油烟机,照明灯",closeLight
771,"油烟机,设置,为,高速,风",setSuction
772,"油烟机,设置,为,中速,风",setSuction
773,"油烟机,设置,为,低速,风",setSuction
774,"打开,洗衣机",openDevice
775,"关闭,洗衣机",closeDevice
776,"洗衣机,选择,化纤,程序",setMode
777,"洗衣机,选择,棉麻,程序",setMode
778,"启动,热水器",openDevice
779,"打开,热水器",openDevice
780,"关闭,热水器",closeDevice
781,"热水器,温度,调,高,一点",increaseTemperature
782,"热水器,温度,调低,2,度",decreaseTemperature
783,"热水器,温度,设置,为,38,度",setTemperature
784,"开启,消毒柜",openDevice
785,"打开,消毒柜",openDevice
786,"关闭,消毒柜",closeDevice
787,"开启,消毒,模式",setMode
788,"设置,为,消毒,模式",setMode
789,"切换,为,消毒,模式",setMode
790,"开启,烘干,模式",setMode
791,"设置,为,烘干,模式",setMode
792,"切换,为,烘干,模式",setMode
793,"开启,暖盘,模式",setMode
794,"设置,为暖盘,模式",setMode
795,"切换,为暖盘,模式",setMode
796,"开启,智能,模式",setMode
797,"设置,为,智能,模式",setMode
798,"切换,为,智能,模式",setMode
799,"开启,冷餐,杀菌,模式",setMode
800,"设置,为,冷餐,杀菌,模式",setMode
801,"切换,为,冷餐,杀菌,模式",setMode
802,"锁定,消毒柜",openLock
803,"解锁,消毒柜",closeLock
804,"打开,消毒柜,上室",openCompartment
805,"打开,消毒柜,下室",openCompartment
806,"打开,消毒柜,上下,室",openCompartment
807,"关闭,消毒柜,上室",closeCompartment
808,"关闭,消毒柜,下室",closeCompartment
809,"关闭,消毒柜,上下,室",closeCompartment
810,"打开,洗碗机",openDevice
811,"开启,洗碗机",startup
812,"开开,洗碗机",openDevice
813,"关闭,洗碗机",closeDevice
814,"关掉,洗碗机",closeDevice
815,"关,了,洗碗机",closeDevice
816,"启动,洗碗机",startup
817,"开启,洗碗机",startup
818,"暂停,洗碗机",suspend
819,"打开,厨房,洗碗机",openDevice
820,"开启,厨房,洗碗机",startup
821,"开开,厨房,洗碗机",openDevice
822,"关闭,厨房,洗碗机",closeDevice
823,"关掉,厨房,洗碗机",closeDevice
824,"关,了,厨房,洗碗机",closeDevice
825,"启动,厨房,洗碗机",startup
826,"开启,厨房,洗碗机",startup
827,"暂停,厨房,洗碗机",suspend
828,"打开,洗碗机",openDevice
829,"开启,洗碗机",startup
830,"开开,洗碗机",openDevice
831,"关闭,洗碗机",closeDevice
832,"关掉,洗碗机",closeDevice
833,"关,了,洗碗机",closeDevice
834,"启动,洗碗机",startup
835,"开启,洗碗机",startup
836,"暂停,洗碗机",suspend
837,"打开,厨房,的,洗碗机",openDevice
838,"开启,厨房,的,洗碗机",startup
839,"开开,厨房,的,洗碗机",openDevice
840,"关闭,厨房,的,洗碗机",closeDevice
841,"关掉,厨房,的,洗碗机",closeDevice
842,"关,了,厨房,的,洗碗机",closeDevice
843,"启动,厨房,的,洗碗机",startup
844,"开启,厨房,的,洗碗机",startup
845,"暂停,厨房,的,洗碗机",suspend
846,"洗碗机,打开",openDevice
847,"洗碗机,开启",startup
848,"洗碗机,开开",openDevice
849,"洗碗机,关闭",closeDevice
850,"洗碗机,关掉",closeDevice
851,"洗碗,机关,了",closeDevice
852,"洗碗机,启动",startup
853,"洗碗机,开启",startup
854,"洗碗机,暂停",suspend
855,"厨房,洗碗机,打开",openDevice
856,"厨房,洗碗机,开启",startup
857,"厨房,洗碗机,开开",openDevice
858,"厨房,洗碗机,关闭",closeDevice
859,"厨房,洗碗机,关掉",closeDevice
860,"厨房,洗碗,机关,了",closeDevice
861,"厨房,洗碗机,启动",startup
862,"厨房,洗碗机,开启",startup
863,"厨房,洗碗机,暂停",suspend
864,"把,洗碗机,打开",openDevice
865,"把,洗碗机,开启",startup
866,"把,洗碗机,开开",openDevice
867,"把,洗碗机,关闭",closeDevice
868,"把,洗碗机,关掉",closeDevice
869,"把,洗碗,机关,了",closeDevice
870,"把,洗碗机,启动",startup
871,"把,洗碗机,开启",startup
872,"把,洗碗机,暂停",suspend
873,"把,厨房,洗碗机,打开",openDevice
874,"把,厨房,洗碗机,开启",startup
875,"把,厨房,洗碗机,开开",openDevice
876,"把,厨房,洗碗机,关闭",closeDevice
877,"把,厨房,洗碗机,关掉",closeDevice
878,"把,厨房,洗碗,机关,了",closeDevice
879,"把,厨房,洗碗机,启动",startup
880,"把,厨房,洗碗机,开启",startup
881,"把,厨房,洗碗机,暂停",suspend
882,"帮,我,把,洗碗机,打开",openDevice
883,"帮,我,把,洗碗机,开启",startup
884,"帮,我,把,洗碗机,开开",openDevice
885,"帮,我,把,洗碗机,关闭",closeDevice
886,"帮,我,把,洗碗机,关掉",closeDevice
887,"帮,我,把,洗碗,机关,了",closeDevice
888,"帮,我,把,洗碗机,启动",startup
889,"帮,我,把,洗碗机,开启",startup
890,"帮,我,把,洗碗机,暂停",suspend
891,"帮,我,把,厨房,洗碗机,打开",openDevice
892,"帮,我,把,厨房,洗碗机,开启",startup
893,"帮,我,把,厨房,洗碗机,开开",openDevice
894,"帮,我,把,厨房,洗碗机,关闭",closeDevice
895,"帮,我,把,厨房,洗碗机,关掉",closeDevice
896,"帮,我,把,厨房,洗碗,机关,了",closeDevice
897,"帮,我,把,厨房,洗碗机,启动",startup
898,"帮,我,把,厨房,洗碗机,开启",startup
899,"帮,我,把,厨房,洗碗机,暂停",suspend
900,"请,帮,我,把,洗碗机,打开",openDevice
901,"请,帮,我,把,洗碗机,开启",startup
902,"请,帮,我,把,洗碗机,开开",openDevice
903,"请,帮,我,把,洗碗机,关闭",closeDevice
904,"请,帮,我,把,洗碗机,关掉",closeDevice
905,"请,帮,我,把,洗碗,机关,了",closeDevice
906,"请,帮,我,把,洗碗机,启动",startup
907,"请,帮,我,把,洗碗机,开启",startup
908,"请,帮,我,把,洗碗机,暂停",suspend
909,"请,帮,我,把,厨房,洗碗机,打开",openDevice
910,"请,帮,我,把,厨房,洗碗机,开启",startup
911,"请,帮,我,把,厨房,洗碗机,开开",openDevice
912,"请,帮,我,把,厨房,洗碗机,关闭",closeDevice
913,"请,帮,我,把,厨房,洗碗机,关掉",closeDevice
914,"请,帮,我,把,厨房,洗碗,机关,了",closeDevice
915,"请,帮,我,把,厨房,洗碗机,启动",startup
916,"请,帮,我,把,厨房,洗碗机,开启",startup
917,"请,帮,我,把,厨房,洗碗机,暂停",suspend
918,"洗碗机,设置,智能,洗,模式",setMode
919,"洗碗机,设置,强力,洗,模式",setMode
920,"洗碗机,设置,智能,模式",setMode
921,"洗碗机,设置,强力,模式",setMode
922,"洗碗机,设置,骨瓷,洗,模式",setMode
923,"洗碗机,设置,速洗,模式",setMode
924,"洗碗机,设置,快,洗,模式",setMode
925,"洗碗机,设置,节能,洗,模式",setMode
926,"洗碗机,设置,消毒,洗,模式",setMode
927,"洗碗机,设置,自动,模式",setMode
928,"洗碗机,设置,玻璃,洗,模式",setMode
929,"洗碗机,设置,冲洗,模式",setMode
930,"洗碗机,设置,果蔬,洗,模式",setMode
931,"洗碗机,设置,标准,洗,模式",setMode
932,"洗碗机,设置,即时,洗,模式",setMode
933,"洗碗机,设置,经济,洗,模式",setMode
934,"厨房,洗碗机,设置,智能,洗,模式",setMode
935,"厨房,洗碗机,设置,强力,洗,模式",setMode
936,"厨房,洗碗机,设置,智能,模式",setMode
937,"厨房,洗碗机,设置,强力,模式",setMode
938,"厨房,洗碗机,设置,骨瓷,洗,模式",setMode
939,"厨房,洗碗机,设置,速洗,模式",setMode
940,"厨房,洗碗机,设置,快,洗,模式",setMode
941,"厨房,洗碗机,设置,节能,洗,模式",setMode
942,"厨房,洗碗机,设置,消毒,洗,模式",setMode
943,"厨房,洗碗机,设置,自动,模式",setMode
944,"厨房,洗碗机,设置,玻璃,洗,模式",setMode
945,"厨房,洗碗机,设置,冲洗,模式",setMode
946,"厨房,洗碗机,设置,果蔬,洗,模式",setMode
947,"厨房,洗碗机,设置,标准,洗,模式",setMode
948,"厨房,洗碗机,设置,即时,洗,模式",setMode
949,"厨房,洗碗机,设置,经济,洗,模式",setMode
950,"洗碗机,设,为,智能,洗,模式",setMode
951,"洗碗机,设,为,强力,洗,模式",setMode
952,"洗碗机,设,为,智能,模式",setMode
953,"洗碗机,设,为,强力,模式",setMode
954,"洗碗机,设,为,骨瓷,洗,模式",setMode
955,"洗碗机,设为,速洗,模式",setMode
956,"洗碗机,设为,快,洗,模式",setMode
957,"洗碗机,设,为,节能,洗,模式",setMode
958,"洗碗机,设,为,消毒,洗,模式",setMode
959,"洗碗机,设,为,自动,模式",setMode
960,"洗碗机,设,为,玻璃,洗,模式",setMode
961,"洗碗机,设,为,冲洗,模式",setMode
962,"洗碗机,设,为,果蔬,洗,模式",setMode
963,"洗碗机,设,为,标准,洗,模式",setMode
964,"洗碗机,设,为,即时,洗,模式",setMode
965,"洗碗机,设,为,经济,洗,模式",setMode
966,"厨房,洗碗机,设,为,智能,洗,模式",setMode
967,"厨房,洗碗机,设,为,强力,洗,模式",setMode
968,"厨房,洗碗机,设,为,智能,模式",setMode
969,"厨房,洗碗机,设,为,强力,模式",setMode
970,"厨房,洗碗机,设,为,骨瓷,洗,模式",setMode
971,"厨房,洗碗机,设为,速洗,模式",setMode
972,"厨房,洗碗机,设为,快,洗,模式",setMode
973,"厨房,洗碗机,设,为,节能,洗,模式",setMode
974,"厨房,洗碗机,设,为,消毒,洗,模式",setMode
975,"厨房,洗碗机,设,为,自动,模式",setMode
976,"厨房,洗碗机,设,为,玻璃,洗,模式",setMode
977,"厨房,洗碗机,设,为,冲洗,模式",setMode
978,"厨房,洗碗机,设,为,果蔬,洗,模式",setMode
979,"厨房,洗碗机,设,为,标准,洗,模式",setMode
980,"厨房,洗碗机,设,为,即时,洗,模式",setMode
981,"厨房,洗碗机,设,为,经济,洗,模式",setMode
982,"洗碗机,改为,智能,洗,模式",setMode
983,"洗碗机,改为,强力,洗,模式",setMode
984,"洗碗机,改为,智能,模式",setMode
985,"洗碗机,改为,强力,模式",setMode
986,"洗碗机,改为,骨瓷,洗,模式",setMode
987,"洗碗机,改为,速洗,模式",setMode
988,"洗碗机,改为,快,洗,模式",setMode
989,"洗碗机,改为,节能,洗,模式",setMode
990,"洗碗机,改为,消毒,洗,模式",setMode
991,"洗碗机,改为,自动,模式",setMode
992,"洗碗机,改为,玻璃,洗,模式",setMode
993,"洗碗机,改为,冲洗,模式",setMode
994,"洗碗机,改为,果蔬,洗,模式",setMode
995,"洗碗机,改为,标准,洗,模式",setMode
996,"洗碗机,改为,即时,洗,模式",setMode
997,"洗碗机,改为,经济,洗,模式",setMode
998,"厨房,洗碗机,改为,智能,洗,模式",setMode
999,"厨房,洗碗机,改为,强力,洗,模式",setMode
1000,"厨房,洗碗机,改为,智能,模式",setMode
1001,"厨房,洗碗机,改为,强力,模式",setMode
1002,"厨房,洗碗机,改为,骨瓷,洗,模式",setMode
1003,"厨房,洗碗机,改为,速洗,模式",setMode
1004,"厨房,洗碗机,改为,快,洗,模式",setMode
1005,"厨房,洗碗机,改为,节能,洗,模式",setMode
1006,"厨房,洗碗机,改为,消毒,洗,模式",setMode
1007,"厨房,洗碗机,改为,自动,模式",setMode
1008,"厨房,洗碗机,改为,玻璃,洗,模式",setMode
1009,"厨房,洗碗机,改为,冲洗,模式",setMode
1010,"厨房,洗碗机,改为,果蔬,洗,模式",setMode
1011,"厨房,洗碗机,改为,标准,洗,模式",setMode
1012,"厨房,洗碗机,改为,即时,洗,模式",setMode
1013,"厨房,洗碗机,改为,经济,洗,模式",setMode
1014,"洗碗机,设置,为,智能,洗,模式",setMode
1015,"洗碗机,设置,为,强力,洗,模式",setMode
1016,"洗碗机,设置,为,智能,模式",setMode
1017,"洗碗机,设置,为,强力,模式",setMode
1018,"洗碗机,设置,为,骨瓷,洗,模式",setMode
1019,"洗碗机,设置,为速,洗,模式",setMode
1020,"洗碗机,设置,为,快,洗,模式",setMode
1021,"洗碗机,设置,为,节能,洗,模式",setMode
1022,"洗碗机,设置,为,消毒,洗,模式",setMode
1023,"洗碗机,设置,为,自动,模式",setMode
1024,"洗碗机,设置,为,玻璃,洗,模式",setMode
1025,"洗碗机,设置,为,冲洗,模式",setMode
1026,"洗碗机,设置,为,果蔬,洗,模式",setMode
1027,"洗碗机,设置,为,标准,洗,模式",setMode
1028,"洗碗机,设置,为,即时,洗,模式",setMode
1029,"洗碗机,设置,为,经济,洗,模式",setMode
1030,"厨房,洗碗机,设置,为,智能,洗,模式",setMode
1031,"厨房,洗碗机,设置,为,强力,洗,模式",setMode
1032,"厨房,洗碗机,设置,为,智能,模式",setMode
1033,"厨房,洗碗机,设置,为,强力,模式",setMode
1034,"厨房,洗碗机,设置,为,骨瓷,洗,模式",setMode
1035,"厨房,洗碗机,设置,为速,洗,模式",setMode
1036,"厨房,洗碗机,设置,为,快,洗,模式",setMode
1037,"厨房,洗碗机,设置,为,节能,洗,模式",setMode
1038,"厨房,洗碗机,设置,为,消毒,洗,模式",setMode
1039,"厨房,洗碗机,设置,为,自动,模式",setMode
1040,"厨房,洗碗机,设置,为,玻璃,洗,模式",setMode
1041,"厨房,洗碗机,设置,为,冲洗,模式",setMode
1042,"厨房,洗碗机,设置,为,果蔬,洗,模式",setMode
1043,"厨房,洗碗机,设置,为,标准,洗,模式",setMode
1044,"厨房,洗碗机,设置,为,即时,洗,模式",setMode
1045,"厨房,洗碗机,设置,为,经济,洗,模式",setMode
1046,"洗碗机,调,为,智能,洗,模式",setMode
1047,"洗碗机,调,为,强力,洗,模式",setMode
1048,"洗碗机,调,为,智能,模式",setMode
1049,"洗碗机,调,为,强力,模式",setMode
1050,"洗碗机,调,为,骨瓷,洗,模式",setMode
1051,"洗碗机,调为,速洗,模式",setMode
1052,"洗碗机,调为,快,洗,模式",setMode
1053,"洗碗机,调,为,节能,洗,模式",setMode
1054,"洗碗机,调,为,消毒,洗,模式",setMode
1055,"洗碗机,调,为,自动,模式",setMode
1056,"洗碗机,调,为,玻璃,洗,模式",setMode
1057,"洗碗机,调,为,冲洗,模式",setMode
1058,"洗碗机,调,为,果蔬,洗,模式",setMode
1059,"洗碗机,调,为,标准,洗,模式",setMode
1060,"洗碗机,调,为,即时,洗,模式",setMode
1061,"洗碗机,调,为,经济,洗,模式",setMode
1062,"厨房,洗碗机,调,为,智能,洗,模式",setMode
1063,"厨房,洗碗机,调,为,强力,洗,模式",setMode
1064,"厨房,洗碗机,调,为,智能,模式",setMode
1065,"厨房,洗碗机,调,为,强力,模式",setMode
1066,"厨房,洗碗机,调,为,骨瓷,洗,模式",setMode
1067,"厨房,洗碗机,调为,速洗,模式",setMode
1068,"厨房,洗碗机,调为,快,洗,模式",setMode
1069,"厨房,洗碗机,调,为,节能,洗,模式",setMode
1070,"厨房,洗碗机,调,为,消毒,洗,模式",setMode
1071,"厨房,洗碗机,调,为,自动,模式",setMode
1072,"厨房,洗碗机,调,为,玻璃,洗,模式",setMode
1073,"厨房,洗碗机,调,为,冲洗,模式",setMode
1074,"厨房,洗碗机,调,为,果蔬,洗,模式",setMode
1075,"厨房,洗碗机,调,为,标准,洗,模式",setMode
1076,"厨房,洗碗机,调,为,即时,洗,模式",setMode
1077,"厨房,洗碗机,调,为,经济,洗,模式",setMode
1078,"洗碗机,改,到,智能,洗,模式",setMode
1079,"洗碗机,改,到,强力,洗,模式",setMode
1080,"洗碗机,改,到,智能,模式",setMode
1081,"洗碗机,改,到,强力,模式",setMode
1082,"洗碗机,改,到,骨瓷,洗,模式",setMode
1083,"洗碗机,改到,速洗,模式",setMode
1084,"洗碗机,改到,快,洗,模式",setMode
1085,"洗碗机,改,到,节能,洗,模式",setMode
1086,"洗碗机,改,到,消毒,洗,模式",setMode
1087,"洗碗机,改,到,自动,模式",setMode
1088,"洗碗机,改,到,玻璃,洗,模式",setMode
1089,"洗碗机,改,到,冲洗,模式",setMode
1090,"洗碗机,改,到,果蔬,洗,模式",setMode
1091,"洗碗机,改,到,标准,洗,模式",setMode
1092,"洗碗机,改,到,即时,洗,模式",setMode
1093,"洗碗机,改,到,经济,洗,模式",setMode
1094,"厨房,洗碗机,改,到,智能,洗,模式",setMode
1095,"厨房,洗碗机,改,到,强力,洗,模式",setMode
1096,"厨房,洗碗机,改,到,智能,模式",setMode
1097,"厨房,洗碗机,改,到,强力,模式",setMode
1098,"厨房,洗碗机,改,到,骨瓷,洗,模式",setMode
1099,"厨房,洗碗机,改到,速洗,模式",setMode
1100,"厨房,洗碗机,改到,快,洗,模式",setMode
1101,"厨房,洗碗机,改,到,节能,洗,模式",setMode
1102,"厨房,洗碗机,改,到,消毒,洗,模式",setMode
1103,"厨房,洗碗机,改,到,自动,模式",setMode
1104,"厨房,洗碗机,改,到,玻璃,洗,模式",setMode
1105,"厨房,洗碗机,改,到,冲洗,模式",setMode
1106,"厨房,洗碗机,改,到,果蔬,洗,模式",setMode
1107,"厨房,洗碗机,改,到,标准,洗,模式",setMode
1108,"厨房,洗碗机,改,到,即时,洗,模式",setMode
1109,"厨房,洗碗机,改,到,经济,洗,模式",setMode
1110,"洗碗机,模式,设置,智能,洗",setMode
1111,"洗碗机,模式,设置,强力,洗",setMode
1112,"洗碗机,模式,设置,智能",setMode
1113,"洗碗机,模式,设置,强力",setMode
1114,"洗碗机,模式,设置,骨瓷,洗",setMode
1115,"洗碗机,模式,设置,速洗",setMode
1116,"洗碗机,模式,设置,快,洗",setMode
1117,"洗碗机,模式,设置,节能,洗",setMode
1118,"洗碗机,模式,设置,消毒,洗",setMode
1119,"洗碗机,模式,设置,自动",setMode
1120,"洗碗机,模式,设置,玻璃,洗",setMode
1121,"洗碗机,模式,设置,冲洗",setMode
1122,"洗碗机,模式,设置,果蔬,洗",setMode
1123,"洗碗机,模式,设置,标准,洗",setMode
1124,"洗碗机,模式,设置,即时,洗",setMode
1125,"洗碗机,模式,设置,经济,洗",setMode
1126,"厨房,洗碗机,模式,设置,智能,洗",setMode
1127,"厨房,洗碗机,模式,设置,强力,洗",setMode
1128,"厨房,洗碗机,模式,设置,智能",setMode
1129,"厨房,洗碗机,模式,设置,强力",setMode
1130,"厨房,洗碗机,模式,设置,骨瓷,洗",setMode
1131,"厨房,洗碗机,模式,设置,速洗",setMode
1132,"厨房,洗碗机,模式,设置,快,洗",setMode
1133,"厨房,洗碗机,模式,设置,节能,洗",setMode
1134,"厨房,洗碗机,模式,设置,消毒,洗",setMode
1135,"厨房,洗碗机,模式,设置,自动",setMode
1136,"厨房,洗碗机,模式,设置,玻璃,洗",setMode
1137,"厨房,洗碗机,模式,设置,冲洗",setMode
1138,"厨房,洗碗机,模式,设置,果蔬,洗",setMode
1139,"厨房,洗碗机,模式,设置,标准,洗",setMode
1140,"厨房,洗碗机,模式,设置,即时,洗",setMode
1141,"厨房,洗碗机,模式,设置,经济,洗",setMode
1142,"洗碗机,模式,设,为,智能,洗",setMode
1143,"洗碗机,模式,设,为,强力,洗",setMode
1144,"洗碗机,模式,设,为,智能",setMode
1145,"洗碗机,模式,设,为,强力",setMode
1146,"洗碗机,模式,设,为,骨瓷,洗",setMode
1147,"洗碗机,模式,设为,速洗",setMode
1148,"洗碗机,模式,设为,快,洗",setMode
1149,"洗碗机,模式,设,为,节能,洗",setMode
1150,"洗碗机,模式,设,为,消毒,洗",setMode
1151,"洗碗机,模式,设,为,自动",setMode
1152,"洗碗机,模式,设,为,玻璃,洗",setMode
1153,"洗碗机,模式,设,为,冲洗",setMode
1154,"洗碗机,模式,设,为,果蔬,洗",setMode
1155,"洗碗机,模式,设,为,标准,洗",setMode
1156,"洗碗机,模式,设,为,即时,洗",setMode
1157,"洗碗机,模式,设,为,经济,洗",setMode
1158,"厨房,洗碗机,模式,设,为,智能,洗",setMode
1159,"厨房,洗碗机,模式,设,为,强力,洗",setMode
1160,"厨房,洗碗机,模式,设,为,智能",setMode
1161,"厨房,洗碗机,模式,设,为,强力",setMode
1162,"厨房,洗碗机,模式,设,为,骨瓷,洗",setMode
1163,"厨房,洗碗机,模式,设为,速洗",setMode
1164,"厨房,洗碗机,模式,设为,快,洗",setMode
1165,"厨房,洗碗机,模式,设,为,节能,洗",setMode
1166,"厨房,洗碗机,模式,设,为,消毒,洗",setMode
1167,"厨房,洗碗机,模式,设,为,自动",setMode
1168,"厨房,洗碗机,模式,设,为,玻璃,洗",setMode
1169,"厨房,洗碗机,模式,设,为,冲洗",setMode
1170,"厨房,洗碗机,模式,设,为,果蔬,洗",setMode
1171,"厨房,洗碗机,模式,设,为,标准,洗",setMode
1172,"厨房,洗碗机,模式,设,为,即时,洗",setMode
1173,"厨房,洗碗机,模式,设,为,经济,洗",setMode
1174,"洗碗机,模式,改为,智能,洗",setMode
1175,"洗碗机,模式,改为,强力,洗",setMode
1176,"洗碗机,模式,改为,智能",setMode
1177,"洗碗机,模式,改为,强力",setMode
1178,"洗碗机,模式,改为,骨瓷,洗",setMode
1179,"洗碗机,模式,改为,速洗",setMode
1180,"洗碗机,模式,改为,快,洗",setMode
1181,"洗碗机,模式,改为,节能,洗",setMode
1182,"洗碗机,模式,改为,消毒,洗",setMode
1183,"洗碗机,模式,改为,自动",setMode
1184,"洗碗机,模式,改为,玻璃,洗",setMode
1185,"洗碗机,模式,改为,冲洗",setMode
1186,"洗碗机,模式,改为,果蔬,洗",setMode
1187,"洗碗机,模式,改为,标准,洗",setMode
1188,"洗碗机,模式,改为,即时,洗",setMode
1189,"洗碗机,模式,改为,经济,洗",setMode
1190,"厨房,洗碗机,模式,改为,智能,洗",setMode
1191,"厨房,洗碗机,模式,改为,强力,洗",setMode
1192,"厨房,洗碗机,模式,改为,智能",setMode
1193,"厨房,洗碗机,模式,改为,强力",setMode
1194,"厨房,洗碗机,模式,改为,骨瓷,洗",setMode
1195,"厨房,洗碗机,模式,改为,速洗",setMode
1196,"厨房,洗碗机,模式,改为,快,洗",setMode
1197,"厨房,洗碗机,模式,改为,节能,洗",setMode
1198,"厨房,洗碗机,模式,改为,消毒,洗",setMode
1199,"厨房,洗碗机,模式,改为,自动",setMode
1200,"厨房,洗碗机,模式,改为,玻璃,洗",setMode
1201,"厨房,洗碗机,模式,改为,冲洗",setMode
1202,"厨房,洗碗机,模式,改为,果蔬,洗",setMode
1203,"厨房,洗碗机,模式,改为,标准,洗",setMode
1204,"厨房,洗碗机,模式,改为,即时,洗",setMode
1205,"厨房,洗碗机,模式,改为,经济,洗",setMode
1206,"洗碗机,模式,设置,为,智能,洗",setMode
1207,"洗碗机,模式,设置,为,强力,洗",setMode
1208,"洗碗机,模式,设置,为,智能",setMode
1209,"洗碗机,模式,设置,为,强力",setMode
1210,"洗碗机,模式,设置,为,骨瓷,洗",setMode
1211,"洗碗机,模式,设置,为速,洗",setMode
1212,"洗碗机,模式,设置,为,快,洗",setMode
1213,"洗碗机,模式,设置,为,节能,洗",setMode
1214,"洗碗机,模式,设置,为,消毒,洗",setMode
1215,"洗碗机,模式,设置,为,自动",setMode
1216,"洗碗机,模式,设置,为,玻璃,洗",setMode
1217,"洗碗机,模式,设置,为,冲洗",setMode
1218,"洗碗机,模式,设置,为,果蔬,洗",setMode
1219,"洗碗机,模式,设置,为,标准,洗",setMode
1220,"洗碗机,模式,设置,为,即时,洗",setMode
1221,"洗碗机,模式,设置,为,经济,洗",setMode
1222,"厨房,洗碗机,模式,设置,为,智能,洗",setMode
1223,"厨房,洗碗机,模式,设置,为,强力,洗",setMode
1224,"厨房,洗碗机,模式,设置,为,智能",setMode
1225,"厨房,洗碗机,模式,设置,为,强力",setMode
1226,"厨房,洗碗机,模式,设置,为,骨瓷,洗",setMode
1227,"厨房,洗碗机,模式,设置,为速,洗",setMode
1228,"厨房,洗碗机,模式,设置,为,快,洗",setMode
1229,"厨房,洗碗机,模式,设置,为,节能,洗",setMode
1230,"厨房,洗碗机,模式,设置,为,消毒,洗",setMode
1231,"厨房,洗碗机,模式,设置,为,自动",setMode
1232,"厨房,洗碗机,模式,设置,为,玻璃,洗",setMode
1233,"厨房,洗碗机,模式,设置,为,冲洗",setMode
1234,"厨房,洗碗机,模式,设置,为,果蔬,洗",setMode
1235,"厨房,洗碗机,模式,设置,为,标准,洗",setMode
1236,"厨房,洗碗机,模式,设置,为,即时,洗",setMode
1237,"厨房,洗碗机,模式,设置,为,经济,洗",setMode
1238,"洗碗机,模式,调,为,智能,洗",setMode
1239,"洗碗机,模式,调,为,强力,洗",setMode
1240,"洗碗机,模式,调,为,智能",setMode
1241,"洗碗机,模式,调,为,强力",setMode
1242,"洗碗机,模式,调,为,骨瓷,洗",setMode
1243,"洗碗机,模式,调为,速洗",setMode
1244,"洗碗机,模式,调为,快,洗",setMode
1245,"洗碗机,模式,调,为,节能,洗",setMode
1246,"洗碗机,模式,调,为,消毒,洗",setMode
1247,"洗碗机,模式,调,为,自动",setMode
1248,"洗碗机,模式,调,为,玻璃,洗",setMode
1249,"洗碗机,模式,调,为,冲洗",setMode
1250,"洗碗机,模式,调,为,果蔬,洗",setMode
1251,"洗碗机,模式,调,为,标准,洗",setMode
1252,"洗碗机,模式,调,为,即时,洗",setMode
1253,"洗碗机,模式,调,为,经济,洗",setMode
1254,"厨房,洗碗机,模式,调,为,智能,洗",setMode
1255,"厨房,洗碗机,模式,调,为,强力,洗",setMode
1256,"厨房,洗碗机,模式,调,为,智能",setMode
1257,"厨房,洗碗机,模式,调,为,强力",setMode
1258,"厨房,洗碗机,模式,调,为,骨瓷,洗",setMode
1259,"厨房,洗碗机,模式,调为,速洗",setMode
1260,"厨房,洗碗机,模式,调为,快,洗",setMode
1261,"厨房,洗碗机,模式,调,为,节能,洗",setMode
1262,"厨房,洗碗机,模式,调,为,消毒,洗",setMode
1263,"厨房,洗碗机,模式,调,为,自动",setMode
1264,"厨房,洗碗机,模式,调,为,玻璃,洗",setMode
1265,"厨房,洗碗机,模式,调,为,冲洗",setMode
1266,"厨房,洗碗机,模式,调,为,果蔬,洗",setMode
1267,"厨房,洗碗机,模式,调,为,标准,洗",setMode
1268,"厨房,洗碗机,模式,调,为,即时,洗",setMode
1269,"厨房,洗碗机,模式,调,为,经济,洗",setMode
1270,"洗碗机,模式,改,到,智能,洗",setMode
1271,"洗碗机,模式,改,到,强力,洗",setMode
1272,"洗碗机,模式,改,到,智能",setMode
1273,"洗碗机,模式,改,到,强力",setMode
1274,"洗碗机,模式,改,到,骨瓷,洗",setMode
1275,"洗碗机,模式,改到,速洗",setMode
1276,"洗碗机,模式,改到,快,洗",setMode
1277,"洗碗机,模式,改,到,节能,洗",setMode
1278,"洗碗机,模式,改,到,消毒,洗",setMode
1279,"洗碗机,模式,改,到,自动",setMode
1280,"洗碗机,模式,改,到,玻璃,洗",setMode
1281,"洗碗机,模式,改,到,冲洗",setMode
1282,"洗碗机,模式,改,到,果蔬,洗",setMode
1283,"洗碗机,模式,改,到,标准,洗",setMode
1284,"洗碗机,模式,改,到,即时,洗",setMode
1285,"洗碗机,模式,改,到,经济,洗",setMode
1286,"厨房,洗碗机,模式,改,到,智能,洗",setMode
1287,"厨房,洗碗机,模式,改,到,强力,洗",setMode
1288,"厨房,洗碗机,模式,改,到,智能",setMode
1289,"厨房,洗碗机,模式,改,到,强力",setMode
1290,"厨房,洗碗机,模式,改,到,骨瓷,洗",setMode
1291,"厨房,洗碗机,模式,改到,速洗",setMode
1292,"厨房,洗碗机,模式,改到,快,洗",setMode
1293,"厨房,洗碗机,模式,改,到,节能,洗",setMode
1294,"厨房,洗碗机,模式,改,到,消毒,洗",setMode
1295,"厨房,洗碗机,模式,改,到,自动",setMode
1296,"厨房,洗碗机,模式,改,到,玻璃,洗",setMode
1297,"厨房,洗碗机,模式,改,到,冲洗",setMode
1298,"厨房,洗碗机,模式,改,到,果蔬,洗",setMode
1299,"厨房,洗碗机,模式,改,到,标准,洗",setMode
1300,"厨房,洗碗机,模式,改,到,即时,洗",setMode
1301,"厨房,洗碗机,模式,改,到,经济,洗",setMode
1302,"空调,是否,打开",statusEnquiry
1303,"空调,打开,了,吗",statusEnquiry
1304,"空调,的,开关,状态,是,什么",statusEnquiry
1305,"空调,已经,打开,了,吗",statusEnquiry
1306,"空调,多少度",statusEnquiry
1307,"空调,温度,多少",statusEnquiry
1308,"空调,现在,几度",statusEnquiry
1309,"空调,几度,了",statusEnquiry
1310,"空调,现在,什么,模式",statusEnquiry
1311,"空调,当前,什么,模式",statusEnquiry
1312,"空调,的,模式,是,什么",statusEnquiry
1313,"空调,现在,什么,风速",statusEnquiry
1314,"空调,风速,多少",statusEnquiry
1315,"空调,几档,风速",statusEnquiry
1316,"净化器,是否,打开",statusEnquiry
1317,"净化器,打开,了,吗",statusEnquiry
1318,"净化器,的,开关,状态,是,什么",statusEnquiry
1319,"净化器,已经,打开,了,吗",statusEnquiry
1320,"净化器,现在,什么,风速",statusEnquiry
1321,"净化器,风速,多少",statusEnquiry
1322,"净化器,几档,风速",statusEnquiry
1323,"净化器,现在,什么,模式",statusEnquiry
1324,"净化器,当前,什么,模式",statusEnquiry
1325,"净化器,的,模式,是,什么",statusEnquiry
1326,"洗衣机,是否,打开",statusEnquiry
1327,"洗衣机,打开,了,吗",statusEnquiry
1328,"洗衣机,的,开关,状态,是,什么",statusEnquiry
1329,"洗衣机,已经,打开,了,吗",statusEnquiry
1330,"洗衣机,现在,什么,程序",statusEnquiry
1331,"洗衣机,当前,什么,程序",statusEnquiry
1332,"洗衣机,的,程序,模式,是,什么",statusEnquiry
1333,"洗衣机,洗完,了,吗",statusEnquiry
1334,"热水器,是否,打开",statusEnquiry
1335,"热水器,打开,了,吗",statusEnquiry
1336,"热水器,的,开关,状态,是,什么",statusEnquiry
1337,"热水器,已经,打开,了,吗",statusEnquiry
1338,"热水器,多少度",statusEnquiry
1339,"热水器,温度,多少",statusEnquiry
1340,"热水器,现在,几度",statusEnquiry
1341,"热水器,几度,了",statusEnquiry
1342,"烤箱,是否,打开",statusEnquiry
1343,"烤箱,打开,了,吗",statusEnquiry
1344,"烤箱,的,开关,状态,是,什么",statusEnquiry
1345,"烤箱,已经,打开,了,吗",statusEnquiry
1346,"烤箱,多少度",statusEnquiry
1347,"烤箱,温度,多少",statusEnquiry
1348,"烤箱,现在,几度",statusEnquiry
1349,"烤箱,几度,了",statusEnquiry
1350,"烤箱,还,剩,多少,时间",statusEnquiry
1351,"烤箱,还要,多少,时间,烤完",statusEnquiry
1352,"烤箱,还要,多久,结束",statusEnquiry
1353,"烤箱,还要,多久",statusEnquiry
1354,"油烟机,是否,打开",statusEnquiry
1355,"油烟机,打开,了,吗",statusEnquiry
1356,"油烟机,的,开关,状态,是,什么",statusEnquiry
1357,"油烟机,已经,打开,了,吗",statusEnquiry
1358,"扫地机,是否,打开",statusEnquiry
1359,"扫地机,打开,了,吗",statusEnquiry
1360,"扫地机,的,开关,状态,是,什么",statusEnquiry
1361,"扫地机,已经,打开,了,吗",statusEnquiry
1362,"烤箱,烤,好了吗",statusEnquiry
1363,"烤箱,烤完,了,吗",statusEnquiry
1364,天气,query
1365,"今天天气,如何",query
1366,"现在,天气,如何",query
1367,"北京,现在,天气,怎么样",query
1368,"上海,呢",query
1369,"明天,呢",query
1370,温度,query
1371,"今天,温度,多少",query
1372,"现在,温度,多少",query
1373,"北京,温度,多少",query
1374,"北京,今天,温度,多少",query
1375,"北京,现在,温度,多少",query
1376,"上海,呢",query
1377,"周一,的,天气",query
1378,"下,周二,的,天气",query
1379,"7,月,2,号,的,天气",query
1380,"端午节,是,哪一天",null
1381,"海尔,股价,是,多少",null
1382,"北京,今天,限行,尾号,是,多少",queryTrafficLimit
1383,"3,加,2,等于,几",null
1384,"翻译,一下,what,',s, ,your, ,name",null
1385,"查顺丰,快递,123456789",null
1386,"我,是,你,的,主人,吗",null
1387,"讲讲,一休哥,的,故事",null
1388,"来,首贝瓦,儿歌",null
1389,"能,给,我,背首,石灰,吟,吗",null
1390,"给爷,来,段,笑话",null
1391,"梦到,中奖,巨额,彩票",null
1392,"笛子,的,声音",null
1393,"水流,的,声音",null
1394,"处女座,今年,运势,怎么样",null
1395,"为什么,睡前,不应,喝,浓茶",null
1396,"我们,来,成语,接龙",null
1397,"布谷鸟,的,叫声",null
1398,"天文,望远镜,是,什么,？",null
1399,"播放,儿歌, ,小兔子,乖乖",null
1400,顺口溜,null
1401,"脑筋,急转弯",null
1402,绕口令,null
1403,猜谜语,null
1404,"背诵,出师表",null
1405,"现在,几点",null
1406,"现在,几点,了",null
1407,"现在,大概,几点,了",null
1408,"现在,大约,几点",null
1409,"现在,几点钟",null
1410,"现在,几点钟,了",null
1411,"现在,时间",null
1412,"现在,的,时间",null
1413,"现在,时间,是,多少",null
1414,"现在,什么,时间",null
1415,"现在,大概,什么,时间",null
1416,"拨打,海尔,客服",dial
1417,打电话,null
1418,"拨打,18512345678",dial
1419,"拨打,电话,给,一零,零壹,零",dial
1420,"拨打,电话,给,100,八六",dial
1421,"拨打,12345,六柒,捌,912",dial
1422,"拨打,10010",dial
1423,"拨打,10001",dial
1424,"拨打,电信,客服",null
1425,"拨打,中国电信,客服",null
1426,"来,一首,好听,的,音乐",play
1427,"换,一首,周杰伦,的,歌",play
1428,"我,想,听",null
1429,"我,想,听,吻别",play
1430,"我,想,听,刘德华,的,歌",play
1431,"我,想,听,王菲,和,那英,的,歌",play
1432,"我,想,听,周杰伦,的,双节棍",play
1433,"我,想,听,摇滚,的,歌",play
1434,"我,想,听,民谣,的,歌",play
1435,"我,想,听,轻音乐,的,歌",play
1436,"我,想,听,纯音乐,的,歌",play
1437,"我,想,听,爵士,的,歌",play
1438,"我,想,听,电子,的,歌",play
1439,"我,想,听说,唱的歌",play
1440,"我,想,听,R,&,B,的,歌",play
1441,"我,想,听,古典,的,歌",play
1442,"我,想,听,POP,的,歌",play
1443,"我,想,听,乡村,的,歌",play
1444,"我,想,听,怀旧,的,歌",play
1445,"我,想,听,流行,的,歌",play
1446,"我,想,听,民族,的,歌",play
1447,"我,想,听,英语,的,歌",play
1448,"我,想,听,英文,摇滚,的,歌",play
1449,"我,想,听,汪峰,的,摇滚歌曲",play
1450,"我,想,听,汪峰,的,摇滚歌曲,怒放,的,生命",play
1451,"播放,啊啊啊",null
1452,"来,一个,巴拉巴,拉",play
1453,"我,想,听,R,&,B,的,歌",play
1454,"随便,来,首歌",play
1455,"我想,听趣,说,野史",play
1456,"我,想,听,郭德纲,的,节目",play
1457,"我,想,听相声",play
1458,"我,想,听,郭德纲,的,双槐树",play
1459,"我,想,听,郭德纲,和,于,谦,的,笑傲江湖",play
1460,"我,想,听,郭德纲,的,相声",play
1461,"我,想,听,郭德纲,和,于,谦,的,相声",play
1462,"我,想,听相声,双槐树",play
1463,"我,想,听,中国,交通广播",play
1464,"我,想,听,中国,交通,广播电台",play
1465,"我,想,听,中国,交通广播,的,两性话题",play
1466,"我,想,听,中国,交通广播,的,相声",play
1467,"播放,易中天,品,三国,第一集",play
1468,"播放,历史,节目",play
1469,"播放,广播",play
1470,"播放,妲,己,陪你玩,第三集",play
1471,"我,想,听,英文,信息,革命,第十三章",play
1472,"给,我播,中国,功夫,史",play
1473,"我要,听,净土,辅导,圆函,法师,第五十三回",play
1474,"我要,听,四大名著",play
1475,新闻,query
1476,"播放,昨天晚上,的,新闻",query
1477,"播放,今晚,的,新闻",query
1478,"播放,2018,年,7,月,4,日,的,早间,新闻",query
1479,"播放,上,上周,一,的,新闻",query
1480,"播放,上周三,的,新闻",query
1481,"我,想,听,明天,的,新闻",query
1482,"我,想,听,今天,的,新闻",query
1483,"我,想,听,5,月,8,号,的,新闻",query
1484,"我,想,听,2018,年,5,月,8,号,的,新闻",query
1485,"我,想,听,早间,的,新闻",query
1486,"我,想,听,午间,新闻",query
1487,"我,想,听,今天,晚间,的,新闻",query
1488,"我,想,听,今天,北京,的,新闻",query
1489,"我,想,听,科技,新闻",query
1490,"我,想,听,科技,和,娱乐,新闻",query
1491,"我,想,听,杨,幂,的,新闻",query
1492,"我,想,听,杨,幂,和,刘恺威,的,新闻",query
1493,"我,想,听,昨天晚上,北京,的,科技,新闻",query
1494,"我,想,听,今天,早上,北京,杨幂,的,娱乐,新闻",query
1495,"播放,三国演义,第十集",play
1496,闹钟,other
1497,"提醒,我,下午,三点,吃饭",add
1498,"三十分钟,后,叫,我",other
1499,"设置,明天,早上,三点,的,闹钟",other
1500,"定,一个,18,点,的,闹钟",add
1501,"定,一个,18,点,30,分,的,闹钟",add
1502,"定,一个,18,点,30,分,20,秒,的,闹钟",add
1503,"设,20,号,18,点,的,闹钟",add
1504,"设,5,月,20,号,18,点,的,闹钟",add
1505,"设,2018,年,5,月,20,号,18,点,的,闹钟",add
1506,"设,2018,年,5,月,20,号,18,点,30,分,20,秒,的,闹钟",add
1507,"设,周四,8,点,的,闹钟",add
1508,"设,工作日,早上,7,点,的,闹钟",add
1509,"设,周末,早上,10,点,的,闹钟",add
1510,"设,明天,18,点,的,闹钟",add
1511,"设,明天,早上,8,点,的,闹钟",add
1512,"设,后天,下午,3,点,的,闹钟",add
1513,"设,每天,早上,8,点,的,闹钟",add
1514,"设,每周,一,早上,8,点,的,闹钟",add
1515,"设,每月,一号,早上,8,点,的,闹钟",add
1516,"设,3,小时,后,的,闹钟",add
1517,"设,3,小时,10,分后,的,闹钟",add
1518,"设,3,小时,10,分,20,秒,后,的,闹钟",add
1519,"删除,18,点,的,闹钟",delete
1520,"删除,闹钟",delete
1521,"查询,18,点,的,闹钟",query
1522,"查询,闹钟",query
1523,"删除,所有,闹钟",delete
1524,"设置,上午,7,点,的,闹钟",add
1525,"设置,中午,11,点,的,闹钟",add
1526,"设置,中午,2,点,的,闹钟",add
1527,"设置,上午,23,点,的,闹钟",add
1528,"设置,晚上,十点,的,闹钟",add
1529,日程,other
1530,提醒,other
1531,"提醒,我,8,:,05,起床",add
1532,"设,08,:,07,：,06,的,闹钟",add
1533,"提醒,后天,下午,3,点,打球",add
1534,"提醒,每天,早上,8,点,起床",add
1535,"提醒,每周,一,早上,8,点,起床",add
1536,"提醒,每月,一号,早上,8,点,起床",add
1537,"提醒,3,小时,后,打球",add
1538,"提醒,3,小时,10,分后,打球",add
1539,"提醒,3,小时,10,分,20,秒,后,打球",add
1540,"删除,18,点,的,提醒",delete
1541,"删除,18,点,打球,的,日程",delete
1542,"删除,日程",delete
1543,"查询,18,点,的,提醒",query
1544,"查询,18,点,打球,的,提醒",query
1545,"查询,提醒",query
1546,"删除,所有,日程",delete
1547,"三点,叫醒,我",add
1548,"下午,三点,提醒,吃饭",add
1549,"请,在,8,点,提醒,我",other
1550,"今天,晚上,九点,提醒,我,睡觉",add
1551,"没事,了,?",break
1552,"嗨,小优,!",continue
1553,"格力空调,好,吗,？",query
1554,"空调,漏水,怎么办,@,@",query
1555,"冰箱,臭烘烘,的,##",query
1556,"冰箱,适合,放,什么,食物",query
1557,"什么,食物,适合,放在,冰箱,里",query
1558,"怎么,做,%",query
1559,"红烧,丸子,怎么,做,&",query
1560,"红烧肉,怎么,做,？",query
1561,"宫保鸡,丁,怎么,做,-,=,=",query
1562,"空调,漏水,怎么办",query
1563,"我,想,听,科技,新闻,*,*",query
1564,"音量,多少",queryVolume
1565,"设置,音量,为,30%",setVolume
1566,"设置,音量,为,30,格",setVolume
1567,"设置,音量,为,30",setVolume
1568,"设置,音量,为,120",setVolume
1569,"增大,音量,30%",voiceUp
1570,"减小,音量,30%",voiceDown
1571,"《,你,是,谁,》",other
1572,"@,你,会,什么,@",other
1573,"天气,~,!",query
1574,"今天天气,如何,@",query
1575,"现在,天气,如何,#",query
1576,"北京,天气,如何,？",query
1577,"北京,今天天气,怎么样,？",query
1578,"北京,现在,天气,怎么样",query
1579,"上海,呢,%&",query
1580,"明天,呢,%",query
1581,"温度,…,…",query
1582,"今天,温度,多少,*",query
1583,"现在,温度,多少",query
1584,"北京,温度,多少,。",query
1585,"北京,今天,温度,多少,，,，",query
1586,"北京,现在,温度,多少,、,、,？,？",query
1587,"上海,呢,/,/",query
1588,"我要,洗,红色,衣服",setWashingCard
1589,"我要,洗,混,搭色,衣服",setWashingCard
1590,"我要,洗,粉色,衣服",setWashingCard
1591,"我要,洗,灰色,衣服",setWashingCard
1592,"我要,洗,黑色,衣服",setWashingCard
1593,"我要,洗,白色,衣服",setWashingCard
1594,"我要,洗,黄色,衣服",setWashingCard
1595,"我要,洗,米色,衣服",setWashingCard
1596,"我要,洗,绿色,衣服",setWashingCard
1597,"我要,洗,蓝色,衣服",setWashingCard
1598,"我要,洗,紫色,衣服",setWashingCard
1599,"我要,洗,棕色,衣服",setWashingCard
1600,"我要,洗,巧克力,色,衣服",setWashingCard
1601,"我要,洗,青色,衣服",setWashingCard
1602,"我要,洗,橙色,衣服",setWashingCard
1603,"我要,洗,橄榄色,衣服",setWashingCard
1604,"我要,洗,卡其色,衣服",setWashingCard
1605,"我要,洗,黑白,灰,衣服",setWashingCard
1606,"我要,洗,肤色,衣服",setWashingCard
1607,"我要,洗,葡萄,色,衣服",setWashingCard
1608,"我要,洗,乳白色,衣服",setWashingCard
1609,"我要,洗,深红色,衣服",setWashingCard
1610,"我要,洗,粉红色,衣服",setWashingCard
1611,"我要,洗,浅,红色,衣服",setWashingCard
1612,"我要,洗,咖啡色,衣服",setWashingCard
1613,"我要,洗,深灰色,衣服",setWashingCard
1614,"我要,洗,浅,灰色,衣服",setWashingCard
1615,"我要,洗,深绿色,衣服",setWashingCard
1616,"我要,洗,浅绿色,衣服",setWashingCard
1617,"我要,洗,深蓝色,衣服",setWashingCard
1618,"我要,洗,浅蓝色,衣服",setWashingCard
1619,"我要,洗,金色,衣服",setWashingCard
1620,"我要,洗,深紫色,衣服",setWashingCard
1621,"我要,洗,浅紫色,衣服",setWashingCard
1622,"我要,洗,深黄色,衣服",setWashingCard
1623,"我要,洗,浅黄色,衣服",setWashingCard
1624,"我要,洗,羊毛",setMode
1625,"我要,洗,棉",setMode
1626,"我要,洗,聚酯纤维",setMode
1627,"我要,洗,粘胶",setMode
1628,"我要,洗,涤纶",setMode
1629,"我要,洗,桑蚕丝",setMode
1630,"我要,洗,人造丝",setMode
1631,"我要,洗,亚麻",setMode
1632,"我要,洗,真丝",setMode
1633,"我要,洗,锦纶",setMode
1634,"我要,洗,尼龙",setMode
1635,"我要,洗三,醋酸",setMode
1636,"我要,洗,化纤",setMode
1637,"我要,洗,羊绒",setMode
1638,"我要,洗,混纺",setMode
1639,"我要,洗雪,纺",setMode
1640,"我要,洗,绢丝",setMode
1641,"我要,洗,皮革",setMode
1642,"我要,洗,牛仔布",setMode
1643,"我要,洗,氨纶",setMode
1644,"我要,洗,欧根,纱",setMode
1645,"我要,洗,PU",setMode
1646,"选择,羊毛,局,品牌",setWashingCard
1647,"选择,雅莹,品牌",setWashingCard
1648,"选择,茵曼,品牌",setWashingCard
1649,"选择,D2C,品牌",setWashingCard
1650,"选择,d2c,品牌",setWashingCard
1651,"选择,woolmark,品牌",setWashingCard
1652,"选择,大杨,品牌",setWashingCard
1653,"选择,朗姿,品牌",setWashingCard
1654,"选择,海尔,品牌",setWashingCard
1655,"选择,利郎,品牌",setWashingCard
1656,"选择,博,洋品牌",setWashingCard
1657,"选择,拉夏,贝尔,品牌",setWashingCard
1658,"选择,海澜,之家,品牌",setWashingCard
1659,"洗衣机,我要,洗,袜子",setMode
1660,"洗衣机,我要,洗,衬衫",setMode
1661,"洗衣机,我要,洗,外套",setMode
1662,"洗衣机,我要,洗,内衣",setMode
1663,"洗衣机,我要,洗,运动服",setMode
1664,"洗衣机,我要,洗,牛仔",setMode
1665,"洗衣机,我要,洗,羽绒服",setMode
1666,"洗衣机,我要,洗,轻薄,类",setMode
1667,"洗衣机,我要,洗,毛绒玩具",setMode
1668,"洗衣机,我要,洗,窗帘",setMode
1669,"洗衣机,我要,洗,床单",setMode
1670,"洗衣机,我要,洗,被罩",setMode
1671,"洗衣机,我要,洗,枕套",setMode
1672,"洗衣机,我要,洗,婴儿,服",setMode
1673,"洗衣机,我要,洗,童装",setMode
1674,"洗衣机,我要,洗,礼服",setMode
1675,"洗衣机,我要,洗,连衣裙",setMode
1676,"洗衣机,我要,洗,旗袍",setMode
1677,"洗衣机,我要,洗直,筒裤",setMode
1678,"洗衣机,我要,洗,风衣",setMode
1679,"洗衣机,我要,洗,毛呢,外套",setMode
1680,"洗衣机,我要,洗,短外套",setMode
1681,"洗衣机,我要,洗,毛衣",setMode
1682,"洗衣机,我要,洗,针织衫",setMode
1683,"洗衣机,我要,洗,T恤",setMode
1684,"洗衣机,我要,洗,牛仔裤",setMode
1685,"洗衣机,我要,洗,打,底裤",setMode
1686,"洗衣机,我要,洗,皮草",setMode
1687,"洗衣机,我要,洗雪,纺衫",setMode
1688,"洗衣机,我要,洗,夹克",setMode
1689,"洗衣机,我要,洗,羊绒衫",setMode
1690,"洗衣机,我要,洗,披风",setMode
1691,"洗衣机,我要,洗,马甲",setMode
1692,"洗衣机,我要,洗,棉衣",setMode
1693,"洗衣机,我要,洗,小,西装",setMode
1694,"洗衣机,我要,洗卫衣",setMode
1695,"洗衣机,我要,洗,背心",setMode
1696,"洗衣机,我要,洗,短裤",setMode
1697,"洗衣机,我要,洗,五分裤",setMode
1698,"洗衣机,我要,洗,七分裤",setMode
1699,"洗衣机,我要,洗,九分,裤",setMode
1700,"洗衣机,我要,洗,长裤",setMode
1701,"洗衣机,我要,洗,棉裤",setMode
1702,"洗衣机,我要,洗,西装裤",setMode
1703,"洗衣机,我要,洗,休闲裤",setMode
1704,"洗衣机,我要,洗,运动裤",setMode
1705,"洗衣机,我要,洗,半身裙",setMode
1706,"洗衣机,我要,洗,吊带裙",setMode
1707,"洗衣机,我要,洗,大衣",setMode
1708,"洗衣机,我要,洗,背带裤",setMode
1709,"洗衣机,我要,洗,连,衣裤",setMode
1710,"洗衣机,我要,洗阔,腿,裤",setMode
1711,"洗衣机,我要,洗,保暖,上衣",setMode
1712,"洗衣机,我要,洗,保暖,裤",setMode
1713,"洗衣机,我要,洗,睡衣",setMode
1714,"洗衣机,我要,洗,睡裙",setMode
1715,"洗衣机,我要,洗,睡裤",setMode
1716,"洗衣机,我要,洗,冲锋衣",setMode
1717,"洗衣机,我要,洗,皮衣",setMode
1718,"洗衣机,我要,洗,羽绒,裤",setMode
1719,"洗衣机,我要,洗,西裤",setMode
1720,"洗衣机,我要,洗,羊毛,裤",setMode
1721,"洗衣机,我要,洗皮裤",setMode
1722,"洗衣机,我要,洗半裙",setMode
1723,"洗衣机,选择,常用,程序",setMode
1724,"洗衣机,选择,速洗,程序",setMode
1725,"洗衣机,选择,强力,程序",setMode
1726,"洗衣机,选择,标准,程序",setMode
1727,"洗衣机,选择,羊毛,程序",setMode
1728,"洗衣机,选择,单脱,程序",setMode
1729,"洗衣机,选择,浸泡,洗,程序",setMode
1730,"洗衣机,选择,桶,自洁,程序",setMode
1731,"洗衣机,选择,混合,程序",setMode
1732,"洗衣机,选择,快,洗,程序",setMode
1733,"洗衣机,选择,羽绒,程序",setMode
1734,"洗衣机,选择,单,漂洗,程序",setMode
1735,"洗衣机,选择,筒,自洁,程序",setMode
1736,"洗衣机,选择,大件,洗,程序",setMode
1737,"洗衣机,选择,超柔,程序",setMode
1738,"洗衣机,选择,棉麻,程序",setMode
1739,"洗衣机,选择,化纤,程序",setMode
1740,"洗衣机,选择,轻柔,程序",setMode
1741,"洗衣机,选择,烫烫,净,程序",setMode
1742,"洗衣机,选择,空气,洗,程序",setMode
1743,"洗衣机,选择,摇篮,柔洗,程序",setMode
1744,"洗衣机,选择,爱婴,洗,程序",setMode
1745,"洗衣机,选择,即时,洗,程序",setMode
1746,"洗衣机,选择,真丝,程序",setMode
1747,"洗衣机,选择,记忆,洗,程序",setMode
1748,"洗衣机,选择,护色,洗,程序",setMode
1749,"洗衣机,选择,手洗,程序",setMode
1750,"洗衣机,选择,毛巾,程序",setMode
1751,"洗衣机,选择,小件,程序",setMode
1752,"洗衣机,选择,单,烘干,程序",setMode
1753,"洗衣机,选择,单,排水,程序",setMode
1754,"洗衣机,选择,户外,服,程序",setMode
1755,"洗衣机,选择,夜洗,程序",setMode
1756,"洗衣机,选择,架,干燥,程序",setMode
1757,"洗衣机,选择,护肤,洗,程序",setMode
1758,"洗衣机,选择,消毒,洗,程序",setMode
1759,"洗衣机,选择,加强,洗,程序",setMode
1760,"洗衣机,选择,巨浪,洗,程序",setMode
1761,"洗衣机,选择,防,过敏,程序",setMode
1762,"洗衣机,选择,毛毯,洗,程序",setMode
1763,"洗衣机,选择,智,诊断,程序",setMode
1764,"洗衣机,选择,除异味,程序",setMode
1765,"把,洗衣机,设置,成,消毒,洗,程序",setMode
1766,"洗衣机,设置,消毒,洗,程序",setMode
1767,"洗衣机,设,为,消毒,洗,模式",setMode
1768,"洗衣机,调,为,消毒,洗,模式",setMode
1769,"洗衣机,调,成,消毒,洗,模式",setMode
1770,"洗衣机,改为,消毒,洗,模式",setMode
1771,"666,+,78,等于,多少",null
1772,"666,+,78,=,多少",null
1773,"666,-,78,=,多少",null
1774,"4,*,3,=,多少",null
1775,"流水,的,声音",null
1776,"下雨,的,声音",null
1777,"打雷,的,声音",null
1778,"响,雷声",null
1779,喇叭声,null
1780,"播放,三国演义",play
1781,"播放,水浒传",play
1782,"播放,红楼梦",play
1783,"设,一个,周日,9,点,的,闹钟",add
1784,"周日,9,点,提醒,我,开会",add
1785,"礼拜日,8,点,提醒,我,开会",add
1786,"设,礼拜日,下午,3,点,的,闹钟",add
1787,"设,星期天,下午,三点,的,闹钟",add
1788,新闻,query
1789,"我,想,听,明天,的,新闻",query
1790,"我,想,听,今天,的,新闻",query
1791,"我,想,听,5,月,8,号,的,新闻",query
1792,"我,想,听,2018,年,5,月,8,号,的,新闻",query
1793,"我,想,听,早间,的,新闻",query
1794,"我,想,听,午间,新闻",query
1795,"我,想,听,今天,晚间,的,新闻",query
1796,"我,想,听,今天,北京,的,新闻",query
1797,"我,想,听,科技,新闻",query
1798,"我,想,听,科技,和,娱乐,新闻",query
1799,"我,想,听,杨,幂,的,新闻",query
1800,"我,想,听,杨,幂,和,刘恺威,的,新闻",query
1801,"我,想,听,昨天晚上,北京,的,科技,新闻",query
1802,"我,想,听,今天,早上,北京,杨幂,的,娱乐,新闻",query
1803,"三鲜,鱼肚,的,做法",query
1804,"上,一首",previous
1805,"上海,的,简称,是,什么",null
1806,"下周一,限行,尾号,是,多少",queryTrafficLimit
1807,"下雨天,或,潮湿,时,空调,打不开,的,原因",query
1808,"中秋节,是,哪一天",null
1809,"为什么,冰箱,不,制冷",query
1810,"为什么,双,动力,洗衣机,在,工作,时有,异音",query
1811,"为什么,吃,东西,要,细嚼慢咽",null
1812,"为什么,迷你,洗衣机,不,排水,或者,排水,过,慢",query
1813,"五香,卤,牛肉,的,做法",query
1814,"什么,原因,导致,冰箱,移动,位置",query
1815,"今天,上海,的,限行,尾号",queryTrafficLimit
1816,"今天,大盘,多少,点",null
1817,"今天天气,怎么样",query
1818,"今天,的,限行",queryTrafficLimit
1819,"关闭,燃气,热水器,后,为什么,风机,仍,在,转动,不,停止",query
1820,"冰箱,亮,的,银饰,条能,不能,用,牙膏,擦拭",query
1821,"冰箱,在,打雷,时能,插,电,吗",query
1822,"冰箱,巧妙,的,使用,方法,或,用处",query
1823,"冰箱,有,什么,清洁,保养,方法",query
1824,"冰箱,消除,异味,的,方法",query
1825,"冰箱,消除,异味,的,方法",query
1826,"冰箱门,封条,的,保养,方法",query
1827,"剁,椒,冬瓜,的,做法",query
1828,"变频空调,的,优势",query
1829,"吉他,的,声音",null
1830,"启动,回家,模式",setScene
1831,"启动,热水器",openDevice
1832,"启动,离家,模式",setScene
1833,"启动,空调",openDevice
1834,"启动,起床,模式",setScene
1835,"唐山,的,天气",query
1836,"四川,担担面,怎么,做",query
1837,"回家,模式",setScene
1838,"多年,的,空调,可以,办理,移机,吗",query
1839,"大海,的,声音",null
1840,"大象,的,叫声",null
1841,"太阳,热水器,冬季,使用,要,注意,什么",query
1842,"如何,使,热水器,加热,的,时间,变短",query
1843,"如何,在,冰箱,里,保存,相对,潮湿,的,食物",query
1844,"如何,防止,冷冻室,里,物品,被,冻,在,一起",query
1845,"宫保鸡,丁,的,做法",query
1846,"家庭,用,英语,怎么,说",null
1847,"小狗,的,叫声",null
1848,"帮忙,关闭,空调",closeDevice
1849,"帮忙,启动,空调",openDevice
1850,"开启,睡眠,模式",setScene
1851,"帮,我,把,空调,切换,为,制冷,模式",setMode
1852,"帮,我,把,空调,切换,为,送风,模式",setMode
1853,"帮,我,结束,热水器",closeDevice
1854,"帮,我,设置,一个,后天,早上,八点,的,闹铃",add
1855,"干烧,鲫鱼,的,做法",query
1856,"应该,怎么,清除,冰箱,内,霉菌",query
1857,"帮,我,关闭,热水器",closeDevice
1858,"开心,翻译成,英文,怎么,说",null
1859,"怎么,清洗,空调,过滤网",query
1860,"我,想,听,中国,之声",play
1861,"我,想,听,北京,交通广播",play
1862,"我,想,听,轻音乐",play
1863,"我,想,听,郭德纲,的,相声",play
1864,"我,想,听,银河,台,经典,评书",play
1865,"我,想,听,韩语,歌",play
1866,"我要,休息,了",setScene
1867,"我要,停止,热水器",closeDevice
1868,"我要,出门,了",setScene
1869,"我要,起床,了",setScene
1870,"把,空调,换,到,制冷,吧",setMode
1871,"把,空调,换,到,制热,吧",setMode
1872,"把,空调,换,到,送风,吧",setMode
1873,"把,空调,改为,制冷,模式",setMode
1874,"把,空调,改为,智能,模式",setMode
1875,"把,空调,改为,送风,模式",setMode
1876,"把,空调,改为,除湿,模式",setMode
1877,"把,空调,改,到,制热,吧",setMode
1878,"把,空调,改,到,送风,吧",setMode
1879,"把,空调,温度,设置,到,28,度",setTemperature
1880,"把,空调,温度,调低,2,度",decreaseTemperature
1881,"把,空调,温度,调高,2,度",increaseTemperature
1882,"把,空调,温度,调高,吧",increaseTemperature
1883,"把,空调,温度,降低,吧",decreaseTemperature
1884,"把,空调,风速,切换,成低",setSpeed
1885,"把,空调,风速,切换,成高",setSpeed
1886,"提醒,我,明天,下午,三点,接,小孩",add
1887,"提醒,我,晚上,10,点,睡觉",add
1888,"播放,华语音乐",play
1889,"播放,古典音乐",play
1890,"播放,告白,气球",play
1891,"播放,周杰伦,的,歌",play
1892,"播放,摇滚歌曲",play
1893,"播放,红豆",play
1894,"播放,许巍,的,蓝莲花",play
1895,"放首,英文歌",play
1896,"放首,许巍,的,歌",play
1897,"新疆,小炒,怎么,做",query
1898,"明天,天气,怎么样",query
1899,"暂停,播放",pause
1900,"来,一首歌",play
1901,"来,一首,流行歌曲",play
1902,"杭州,今天,的,气温",query
1903,"架子鼓,的,声音",null
1904,"泉水,的,声音",null
1905,"波轮,洗衣机,不,排水,怎么办",query
1906,"波轮,洗衣机,不,甩干,怎么办",query
1907,"波轮,洗衣机,不,进水,怎么办",query
1908,"波轮,洗衣机,噪音,大,怎么,解决",query
1909,"波轮,洗衣机,洗,不,干净,如何,解决",query
1910,"波轮,洗衣机,漏水,怎么,解决",query
1911,"波轮,洗衣机,跳闸,的,解决,方法",query
1912,"波轮,洗衣机,通电,不,工作,怎么,解决",query
1913,"波轮,洗衣机,震动,大,的,解决,方法",query
1914,"洗涤,没有,劲能,洗,干净,衣服,吗",query
1915,"洗衣机,使用,一段时间,后,的,保养,方法",query
1916,"海尔,客服,电话,是,多少",query
1917,"海尔,电器,的,股票",null
1918,"海尔,空调,大,1P,与,1P,的,区别",query
1919,"浸泡,时间,越长,就,越,容易,清洗,干净,吗",query
1920,"滚筒,洗净,即,停,标准,是,什么",query
1921,"滚筒,洗衣机,中途,停机,怎么,解决",query
1922,"滚筒,洗衣机,在,烘干,的,时候,可以,打开,机门,吗",query
1923,"滚筒,洗衣机,使用寿命,怎么,算",query
1924,"滚筒,洗衣机,底板,材质",query
1925,"滚筒,洗衣机,新机,开箱,有水,的,原因",query
1926,"滚筒,洗衣机,机,门,关不上,的,原因",query
1927,"滚筒,洗衣机,洗涤,不,工作,怎么,解决",query
1928,"滚筒,洗衣机,洗涤,时间,长,的,原因",query
1929,"滚筒,洗衣机,洗衣,完成,后,会,自动,断电,吗",query
1930,"滚筒,洗衣机,烘干,时,需要,打开,水龙头,吗",query
1931,"滚筒,洗衣机,脱水,不干,的,解决,方法",query
1932,"滚筒,洗衣机,触摸,屏幕,的,使用寿命",query
1933,"滚筒,洗衣机,负离子,除味,与,洗涤,可以,同时,进行,吗",query
1934,"滚筒,洗衣机,边,进边,排,怎么办",query
1935,"烤鸭,怎么,做",query
1936,"热水器,不,启动,因素",query
1937,"热水器,为什么,不,启动",query
1938,"热水器,为什么,出,冷水,无,热水",query
1939,"热水器,为什么,水流,很小,或,不,出水",query
1940,"热水器,为什么,水温,上升,慢",query
1941,"热水器,为什么,没有,热水",query
1942,"热水器,减少,3,度",decreaseTemperature
1943,"热水器,启动",openDevice
1944,"热水器,外部,怎么,清洗",query
1945,"热水器,安全阀,为什么,滴水",query
1946,"热水器,开启",openDevice
1947,"热水器,水温,设为,80,度",setTemperature
1948,"热水器,水温,设置,60,度",setTemperature
1949,"热水器,水温,调高,10,度",increaseTemperature
1950,"热水器,漏水,的,原因",query
1951,"热水器,调高,5,度",increaseTemperature
1952,"热水器,降低,5,度",decreaseTemperature
1953,"燃气,热水器,为什么,常,打不着,火",query
1954,"燃气,热水器,使用,年限,是,多少",query
1955,"燃气,热水器,加热,需要,多长时间",query
1956,"燃气,热水器,排,烟管,温度,有,多,高",query
1957,"现在,几点,了",null
1958,"电热水器,夏季,怎么,保养",query
1959,"电热水器,多久,需要,清理,水锈",query
1960,"白菜,最,适合,的,保鲜,温度",query
1961,"离家,模式",setScene
1962,"空调,切换,到,20,度",setTemperature
1963,"空调,切换,成,制冷",setMode
1964,"空调,切换,成,制热",setMode
1965,"空调,切换,成,送风",setMode
1966,"空调,切换,成,除湿",setMode
1967,"空调,制冷,、,制热,效果,不好",query
1968,"空调,制热,时,室外机,冒,蒸汽",query
1969,"空调,听见,有,水流声",query
1970,"空调,启动,智能,模式",setMode
1971,"空调,启动,送风",setMode
1972,"空调,外机,出现,震动,声音",query
1973,"空调,多长时间,后,需要,加,制冷剂",query
1974,"空调,室外机,安装,在,哪",query
1975,"空调,开启,制冷,模式",setMode
1976,"空调,开启,智能,模式",setMode
1977,"空调,开启,智能,模式",setMode
1978,"空调,开启,送风,模式",setMode
1979,"空调,开启,除湿,模式",setMode
1980,"空调,开机,后,跳闸",query
1981,"空调,打开,制冷",setMode
1982,"空调,打开,制热",setMode
1983,"空调,打开,智能,模式",setMode
1984,"空调,打开,送风",setMode
1985,"空调,打开,除湿",setMode
1986,"空调,温度,切换,成,30,度",setTemperature
1987,"空调,设置,为,制热,模式",setMode
1988,"空调,除甲醛,模块,装在,哪里",query
1989,"空调,风速,切换,为,中速,风",setSpeed
1990,"空调,风速,切换,为,低速,风",setSpeed
1991,"空调,风速,切换,为,自动,风",setSpeed
1992,"空调,风速,切换,为,高速,风",setSpeed
1993,"空调,风速,改成,中风",setSpeed
1994,"空调,风速,改成,自动,风",setSpeed
1995,"空调,风速,设置,为,中风",setSpeed
1996,"空调,风速,设置,为,低风",setSpeed
1997,"空调,风速,设置,为,自动,风",setSpeed
1998,"空调,风速,设置,到,中速,风",setSpeed
1999,"空调,风速,设置,到,低速,风",setSpeed
2000,"空调,风速,设置,到,自动,风",setSpeed
2001,"空调,风速,设置,到,高速,风",setSpeed
2002,"空调,风速,设置,成中",setSpeed
2003,"空调,风速,设置,成,自动",setSpeed
2004,"空调,风速,调,到,中速,风",setSpeed
2005,"空调,风速,调,到,低速,风",setSpeed
2006,"空调,风速,调,到,自动,风",setSpeed
2007,"空调,风速,调,到,高速,风",setSpeed
2008,"端午节,是,哪一天",null
2009,"糖醋,藕片,的,做法",query
2010,"红烧肉,怎么,做",query
2011,"红豆,生,南国",null
2012,"结束,播放",stop
2013,"给,我,把,空调,调,到,智能,模式,吧",setMode
2014,"继续,播放",play
2015,"羊肉,萝卜汤,的,做法",query
2016,"脱水,时,洗衣机,不,工作,的,原因",query
2017,"腾讯,公司,的,股价",null
2018,"自,清洁,功能,需要,添加,洗涤剂,吗",query
2019,"苹果,翻译成,英文,是,什么",null
2020,"衡水,的,天气",query
2021,"设置,工作日,8,点,的,闹钟",add
2022,"设置,晚上,11,点,的,闹铃",add
2023,"设置,每天,上午,10,点,的,闹钟",add
2024,"设置,热水器,到,45,度",setTemperature
2025,"请,关闭,空调",closeDevice
2026,"请,帮,我,把,热水器,水温,调低",decreaseTemperature
2027,"请,把,热水器,水温,升高",increaseTemperature
2028,"请,把,空调,设置,到,PMV,模式",setMode
2029,"赤峰,的,天气",query
2030,"起床,模式",setScene
2031,"酸菜鱼,的,做法",query
2032,锄禾日当午,null
2033,"青岛,天气,怎么样",query
2034,"青岛,明天,的,天气",query
2035,"青岛,的,天气",query
2036,"青岛,限号,是,多少",queryTrafficLimit
2037,"香辣,童子鸡,的,做法",query
2038,"马云,是,谁",null
2039,"鱼类,食品,最佳,的,冷冻,温度,是,多少",query
2040,"鸡蛋,食品,最,适合,的,保鲜,温度",query
2041,"麻婆豆腐,怎么,做",query
2042,"麻烦,打开,空调",openDevice
2043,"麻烦,把,空调,设置,为,智能,模式",setMode
2044,"麻烦,把,空调,调,到,制冷,模式",setMode
2045,"麻烦,把,空调,调,到,制热,模式",setMode
2046,"麻辣,牛,肚丝,的,做法",query
2047,"三口,之家,的,洗衣机,怎么,选",query
2048,"上海,天气,如何",query
2049,"为什么,久坐,久,站,腿,会,发麻",null
2050,"为什么,人会分,男女",null
2051,"为什么,人体,的,左右,不,对称",null
2052,"为什么,会,有,双胞胎",null
2053,"为什么,大多数,人,右手,的,力气,比,左手,大",null
2054,"为什么,手会,比脚,灵活",null
2055,"为什么,早产儿,智力,并,不差",null
2056,"为什么,用,嘴,呼吸,不利于,健康",null
2057,"为什么,男子,会长,胡子",null
2058,"为什么,运动员,的,肌肉,比,普通人,的,力量,大",null
2059,"为什么,骨骼,是,坚硬,的",null
2060,"举重,是,什么",null
2061,"乒乓球,是,什么",null
2062,"什么,是,平足",null
2063,"今天,北京,天气,怎么样",query
2064,"今天天气,怎么样",query
2065,"今天,温度,多少",query
2066,"今天,湿度,多少",query
2067,"今天,的,创业板,指数",null
2068,"今天,的,限行",queryTrafficLimit
2069,"今天,风速,多少",query
2070,"你,今年,几岁",null
2071,"你,告诉,我,几点,了",null
2072,"你,告诉,我,时间",null
2073,"你,告诉,我,现在,几点",null
2074,"你,告诉,我,现在,几点,了",null
2075,"你,告诉,我,现在,是,什么,时候,了",null
2076,"你,多久,过生日",null
2077,"你,多,大,了",other
2078,"你,妈妈,是,谁",null
2079,"你,属于,什么,生肖",null
2080,"你,是,中国,人,吗",null
2081,"你,是,哪个,公司,生产,的",null
2082,"你,是,哪国,的",null
2083,"你,是,哪,生产,的",null
2084,"你,是,女,的,吗",null
2085,"你,是,男,的,吗",null
2086,"你,有,兄弟姐妹,吗",other
2087,"你,有,昵称,吗",null
2088,"你,没有,性别,吗",null
2089,"你,爸爸,是,谁",null
2090,"你,生日,是,哪一天",null
2091,"你,知道,几点,了,吗",null
2092,"你,知道,现在,几点,了,吗",null
2093,"你,知道,现在,的,时间,吗",null
2094,"你,能,告诉,我,几点,了,吗",null
2095,"你,能,告诉,我,时间,吗",null
2096,"你,说,时间,多少",null
2097,"你,说,现在,几点,了",null
2098,"冬季,使用,电热水器,要,注意,什么",query
2099,"冰箱,巧妙,的,使用,方法,或,用处",query
2100,"冰箱,有,什么,清洁,保养,方法",query
2101,"冰箱,的,外壳,生锈,了,怎么办",query
2102,"冰箱,结,冰霜,怎么,有效,去除",query
2103,"冰箱门,封条,的,保养,方法",query
2104,"净化器,是否,打开",statusEnquiry
2105,"净化器,的,开关,状态,是,什么",statusEnquiry
2106,"净水器,是,什么",query
2107,"变频空调,的,优势",query
2108,"启动,出门,模式",setScene
2109,"启动,到家,模式",setScene
2110,"启动,回家,模式",setScene
2111,"启动,离家,模式",setScene
2112,"告诉,我,时间",null
2113,"哪些,食物,不,适合,放在,冰箱,里",query
2114,"土豆,最,适合,的,保鲜,温度",query
2115,"大海,的,声音",null
2116,"大象,的,叫声",null
2117,"天气,怎么样",query
2118,"天津,今天,的,天气",query
2119,"天津,天气",query
2120,"天津,天气,怎么样",query
2121,"天津市,的,天气",query
2122,"天津,的,天气",query
2123,"天津,的,天气情况",query
2124,"如何,使,热水器,加热,的,时间,变短",query
2125,"如何,在,冰箱,里,保存,相对,潮湿,的,食物",query
2126,"小狗,的,叫声",null
2127,"帮,我,停止,热水器",closeDevice
2128,"开启,出门,模式",setScene
2129,"开启,到家,模式",setScene
2130,"开启,回家,模式",setScene
2131,"开启,离家,模式",setScene
2132,"怎么,清洗,空调,过滤网",query
2133,"怎么,联系,你,的,生产,公司",null
2134,"我,到,家,啦",setScene
2135,"我,回家,啦",setScene
2136,"我,回来,啦",setScene
2137,"我,想,听,一首,叫江雪,的,诗",null
2138,"我,想,听,一首,诗叫,江上,渔者",null
2139,"我,想,听,一首,诗,叫,绝句",null
2140,"我,想,听,九月九,日忆,山东,兄弟",play
2141,"我,想,听,乡村",play
2142,"我,想,听,交响乐",play
2143,"我,想,听,健康,节目",play
2144,"我,想,听,儿童节目",play
2145,"我,想,听,刘德华,的,歌",play
2146,"我,想,听,北京,新闻广播",play
2147,"我,想,听,古典",play
2148,"我,想,听,告白,气球",play
2149,"我,想,听,周杰伦,的,歌",play
2150,"我,想,听,复古",play
2151,"我,想,听,张召忠,的,节目",play
2152,"我,想,听,怀旧",play
2153,"我,想,听,情感,节目",play
2154,"我,想,听,愚公移山,的,故事",null
2155,"我,想,听,戏曲,节目",play
2156,"我,想,听,搞笑,节目",play
2157,"我,想,听,摇滚",play
2158,"我,想,听,文化,节目",play
2159,"我,想,听,旅游,节目",play
2160,"我,想,听,时尚,节目",play
2161,"我,想,听,民族,风",play
2162,"我,想,听,民谣",play
2163,"我,想,听,江畔,独步,寻花,这首,诗",null
2164,"我,想,听,流行歌曲",play
2165,"我,想,听,爵士",play
2166,"我,想,听,电子",play
2167,"我,想,听,白雪公主,的,故事",null
2168,"我,想,听,科技,节目",play
2169,"我,想,听,纯音乐",play
2170,"我,想,听,脱口秀",play
2171,"我,想,听,蓝调",play
2172,"我,想,听说,唱",play
2173,"我,想,听,财经",play
2174,"我,想,听,轻音乐",play
2175,"我,想,听,逻辑思维",play
2176,"我,想,听,青花瓷",play
2177,"我,想,听,首诗,菊花",null
2178,"我,想,知道,几点,了",null
2179,"我,想,知道,天津,的,天气",query
2180,"我,想,知道,时间",null
2181,"我要,关闭,热水器",closeDevice
2182,"我要,听别,偷,我,的,菜",play
2183,"我要,听,守株待兔,的,故事",null
2184,"我要,结束,热水器",closeDevice
2185,"手球,是,什么",null
2186,"打开,净水机",null
2187,"打开,出门,模式",setScene
2188,"打开,到家,模式",setScene
2189,"打开,回家,模式",setScene
2190,"打开,所有,的,燃气灶",null
2191,"打开,扫地机",startup
2192,"打开,油烟机",openDevice
2193,"打开,洗碗机",openDevice
2194,"打开,消毒柜",openDevice
2195,"打开,烤箱",openDevice
2196,"打开,热水器",openDevice
2197,"打开,燃气灶",null
2198,"打开,电磁灶",null
2199,"打开,离家,模式",setScene
2200,"打开,窗帘",openDevice
2201,"打开,除湿机",openDevice
2202,"把,空调,改为,制热,模式",setMode
2203,"把,空调,风速,切换,成,自动",setSpeed
2204,"把,苹果,用,英文翻译,一下",null
2205,"把,苹果,用,英语翻译,一下",null
2206,"把,苹果,翻译成,英文",null
2207,"把,苹果,翻译成,英语",null
2208,"拳击,是,什么",null
2209,"播放,儿歌,小苹果",null
2210,"播放,儿歌,小,蜗牛",null
2211,"播放,儿歌,小,青蛙",null
2212,"播放,儿歌,我,是,小,海军",null
2213,"播放,小小,少年",play
2214,"播放,幸福,拍手歌",play
2215,"播放,红豆",play
2216,"播放,脱口秀",play
2217,"播放,许巍,的,蓝莲花",play
2218,"播放,郭德纲,的,相声",play
2219,"放,七步,诗,这首,诗",null
2220,"放首,许巍,的,歌",play
2221,"来个,评书",play
2222,"来段,历史,节目",play
2223,"来首,民族音乐",play
2224,"查,天津,的,天气预报",query
2225,"查询,天津,的,天气",query
2226,"查询,天津,的,天气预报",query
2227,"水球,是,什么",null
2228,"洋葱,最,适合,的,保鲜,温度",query
2229,"洗衣机,是,什么",query
2230,"滚筒,洗衣机,中途,停机,怎么,解决",query
2231,"滚筒,洗衣机,洗涤,时间,长,的,原因",query
2232,"滚筒,洗衣机,通电,跳闸,的,原因",query
2233,"热水器,关闭电源",closeDevice
2234,"热水器,减少,3,度",decreaseTemperature
2235,"热水器,外部,怎么,清洗",query
2236,"热水器,设定,到,30,度",setTemperature
2237,"热水器,降低,5,度",decreaseTemperature
2238,"燃气,热水器,能,多路,供水,吗",query
2239,"现在,几点",null
2240,"现在,几点,了",null
2241,"田径,是,什么",null
2242,"电热水器,夏季,怎么,保养",query
2243,"电热水器,安全,使用,要,注意,什么",query
2244,"电视机,是,什么",query
2245,"男人,与,女人,的,身体,有,什么,差别",null
2246,"白菜,最,适合,的,保鲜,温度",query
2247,"离家,模式",setScene
2248,"空气,滤网,的,更换,方法",query
2249,"空调,为什么,一,开机,就,制热",query
2250,"空调,为什么,会,自动,停止,工作",query
2251,"空调,几度,了",statusEnquiry
2252,"空调,切换,成,30,度",setTemperature
2253,"空调,切换,成,制热",setMode
2254,"空调,切换,成,除湿",setMode
2255,"空调,制冷,效果,不好,怎么办",query
2256,"空调,制热,时,室外机,冒,蒸汽",query
2257,"空调,听见,有,水流声",query
2258,"空调,启动,智能,模式,吧",setMode
2259,"空调,多少度",statusEnquiry
2260,"空调,开启,智能,模式",setMode
2261,"空调,当前,什么,模式",statusEnquiry
2262,"空调,温度,上升,1,度",increaseTemperature
2263,"空调,温度,切换,为,26,度",setTemperature
2264,"空调,温度,增高,两度",increaseTemperature
2265,"空调,温度,多少",statusEnquiry
2266,"空调,现在,什么,模式",statusEnquiry
2267,"空调,现在,什么,状态",statusEnquiry
2268,"空调,现在,什么,风速",statusEnquiry
2269,"空调,现在,几度",statusEnquiry
2270,"空调,的,开关,状态,是,什么",statusEnquiry
2271,"空调,的,模式,是,什么",statusEnquiry
2272,"空调,节能,方法",query
2273,"空调,除甲醛,模块,装在,哪里",query
2274,"空调,风速,切换,为,高速,风",setSpeed
2275,"空调,风速,改成,高风",setSpeed
2276,"篮球,是,什么",null
2277,"给,我,把,空调,换成,制冷",setMode
2278,"给,我,把,空调,换成,送风",setMode
2279,"给,我,把,空调,调,到,智能,模式,吧",setMode
2280,"给,我,放,一首,悯,农,这个,诗歌",null
2281,"给,我,整个,枫桥,夜泊,这首,诗,听听",null
2282,"给,我,翻译,下,苹果",null
2283,"给,我,背个,凉州,词",null
2284,"给,我,背个,诗梅",null
2285,"给,我,背,江南,逢,李龟,年,这首,诗,吧",null
2286,"给,我,背,江畔,独步,寻花",null
2287,"给,我,讲个,儿童,故事",null
2288,"给,我,讲个,笑话",null
2289,"给,我,说,几点,了",null
2290,"网球,是,什么",null
2291,"羽毛球,是,什么",null
2292,"肉类,食物,最佳,的,冷冻,保鲜,温度,是,多少",query
2293,"背,一首,乐游原",null
2294,"背客,中作,这首,诗",null
2295,"背首,剑客",null
2296,"花菜,最,适合,的,保鲜,温度",query
2297,"芹菜,最,适合,的,保鲜,温度",query
2298,"苹果,用,英文,怎么,说,啊",null
2299,"苹果,用,英语,怎么,说",null
2300,"苹果,用,英语,怎么,说,啊",null
2301,"苹果,的,英文",null
2302,"苹果,的,英文,怎么,说",null
2303,"苹果,的,英语",null
2304,"苹果,的,英语,怎么,说",null
2305,"苹果,给,我,翻译,为,英文",null
2306,"苹果,给,我,翻译成,英文",null
2307,"苹果,翻译,一下",null
2308,"苹果,翻译成,英文",null
2309,"苹果,翻译成,英文,怎么,说",null
2310,"苹果,翻译成,英文,是,什么",null
2311,"苹果,翻译成,英语",null
2312,"茄子,最,适合,的,保鲜,温度",query
2313,"荔枝,如何,在,冰箱,里,保鲜",query
2314,"讲,一个,海,的,女儿,的,故事",null
2315,"讲,一个,猪猪,侠,的,故事",null
2316,"讲,一个,糖果屋,的,故事",null
2317,"讲,一个,苍蝇,和,蜜蜂,的,故事",null
2318,"讲,一个,龟兔,赛跑,的,故事",null
2319,"讲个,故事,吧",null
2320,"讲,小白兔,大,耳朵,的,故事",null
2321,"讲,狼,和,七只,小羊,的,故事",null
2322,"讲讲,神奇,飞书,的,故事",null
2323,"设置,一个,三分钟,后,的,闹钟",add
2324,"请,把,空调,切换,为,智能,模式",setMode
2325,"贵州,茅台,的,股价",null
2326,"足球,是,什么",null
2327,"重阳节,是,哪一天",null
2328,"铁人三项,是,什么",null
2329,"青岛海尔,的,股价",null
2330,"青椒,最,适合,的,保鲜,温度",query
2331,"预报,天津,的,天气",query
2332,"香蕉,如何,在,冰箱,里,保鲜",query
2333,"鱼类,食品,最佳,的,冷冻,温度,是,多少",query
2334,"鲜鱼,食品,最,适合,的,保鲜,温度",query
2335,"鸡蛋,食品,最,适合,的,保鲜,温度",query
2336,"麻烦,把,空调,调,到,除湿,模式",setMode
2337,"黄瓜,最,适合,的,保鲜,温度",query
